video,class
C_3_8_10_BU_SMA_09-07_14-44-51_CB_RGB_DF2_M2_1.0.mp4,broken
C_3_8_10_BU_SMB_09-01_12-57-12_CA_RGB_DF2_M2_1.0.mp4,broken
C_3_8_10_BU_SMB_09-01_12-57-13_CB_RGB_DF2_M2_1.0.mp4,broken
C_3_8_10_BU_SMB_09-01_12-57-14_CC_RGB_DF2_M2_1.0.mp4,broken
C_3_8_10_BU_SMB_09-01_12-57-14_CD_RGB_DF2_M2_1.0.mp4,broken
C_3_8_10_BU_SYB_09-28_12-10-02_CB_RGB_DF2_M2_2.0.mp4,broken
C_3_8_10_BU_SYB_09-28_12-10-02_CD_RGB_DF2_M2_1.0.mp4,broken
C_3_8_11_BU_DYB_08-10_14-41-24_CF_RGB_DF2_F2_1.0.mp4,broken
C_3_8_11_BU_SMA_09-07_15-53-15_CB_RGB_DF2_M2_1.0.mp4,broken
C_3_8_11_BU_SMB_09-01_13-00-05_CD_RGB_DF2_M2_1.0.mp4,broken
C_3_8_12_BU_DYB_08-10_14-46-51_CE_RGB_DF2_F2_1.0.mp4,broken
C_3_8_12_BU_SMA_09-07_14-49-58_CA_RGB_DF2_M2_1.0.mp4,broken
C_3_8_12_BU_SMA_09-07_14-49-58_CD_RGB_DF2_M2_1.0.mp4,broken
C_3_8_12_BU_SYB_09-28_12-17-45_CA_RGB_DF2_M2_1.0.mp4,broken
C_3_8_12_BU_SYB_09-28_12-17-45_CD_RGB_DF2_M2_1.0.mp4,broken
C_3_8_13_BU_SMA_09-07_15-31-29_CB_RGB_DF2_F2_1.0.mp4,broken
C_3_8_13_BU_SMA_09-07_15-31-29_CD_RGB_DF2_F2_1.0.mp4,broken
C_3_8_14_BU_SMB_09-01_14-25-49_CA_RGB_DF2_F2_1.0.mp4,broken
C_3_8_14_BU_SMB_09-01_14-25-51_CD_RGB_DF2_F2_1.0.mp4,broken
C_3_8_14_BU_SYB_09-28_12-24-55_CC_RGB_DF2_F2_1.0.mp4,broken
C_3_8_15_BU_SMB_09-02_13-27-19_CA_RGB_DF2_M2_1.0.mp4,broken
C_3_8_15_BU_SMB_09-02_13-27-19_CB_RGB_DF2_M2_1.0.mp4,broken
C_3_8_15_BU_SMB_09-02_13-27-19_CC_RGB_DF2_M2_1.0.mp4,broken
C_3_8_16_BU_SMA_09-07_15-37-33_CB_RGB_DF2_F2_1.0.mp4,broken
C_3_8_16_BU_SYB_09-28_12-27-35_CC_RGB_DF2_F2_1.0.mp4,broken
C_3_8_16_BU_SYB_09-28_12-27-35_CD_RGB_DF2_F2_1.0.mp4,broken
C_3_8_17_BU_SMA_09-07_15-43-36_CB_RGB_DF2_F2_1.0.mp4,broken
C_3_8_17_BU_SMB_09-01_14-34-33_CA_RGB_DF2_F2_1.0.mp4,broken
C_3_8_17_BU_SMB_09-01_14-34-33_CB_RGB_DF2_F2_1.0.mp4,broken
C_3_8_17_BU_SMB_09-01_14-34-35_CC_RGB_DF2_F2_1.0.mp4,broken
C_3_8_18_BU_SMA_09-07_15-46-05_CA_RGB_DF2_F2_1.0.mp4,broken
C_3_8_18_BU_SMA_09-07_15-46-05_CB_RGB_DF2_F2_1.0.mp4,broken
C_3_8_18_BU_SMB_09-01_14-36-32_CA_RGB_DF2_F2_1.0.mp4,broken
C_3_8_18_BU_SMB_09-01_14-36-33_CC_RGB_DF2_F2_1.0.mp4,broken
C_3_8_18_BU_SYB_09-28_12-29-37_CA_RGB_DF2_F2_1.0.mp4,broken
C_3_8_18_BU_SYB_09-28_12-29-37_CB_RGB_DF2_F2_1.0.mp4,broken
C_3_8_19_BU_SMA_09-27_11-25-04_CC_RGB_DF2_M3_1.0.mp4,broken
C_3_8_19_BU_SMB_09-02_15-29-32_CA_RGB_DF2_M3_1.0.mp4,broken
C_3_8_19_BU_SMB_09-02_15-29-32_CB_RGB_DF2_M3_1.0.mp4,broken
C_3_8_19_BU_SMB_09-02_15-29-32_CD_RGB_DF2_M3_1.0.mp4,broken
C_3_8_19_BU_SYA_10-06_12-26-11_CA_RGB_DF2_M3_1.0.mp4,broken
C_3_8_19_BU_SYB_10-04_10-36-14_CA_RGB_DF2_M3_1.0.mp4,broken
C_3_8_19_BU_SYB_10-04_10-36-14_CB_RGB_DF2_M3_1.0.mp4,broken
C_3_8_1_BU_SMA_09-17_13-38-51_CC_RGB_DF2_M1_1.0.mp4,broken
C_3_8_1_BU_SMB_08-28_15-53-46_CA_RGB_DF2_M1_1.0.mp4,broken
C_3_8_1_BU_SMB_08-28_15-53-46_CB_RGB_DF2_M1_1.0.mp4,broken
C_3_8_1_BU_SMB_08-28_15-53-46_CD_RGB_DF2_M1_1.0.mp4,broken
C_3_8_1_BU_SMB_09-17_10-52-16_CD_RGB_DF2_M1_1.0.mp4,broken
C_3_8_1_BU_SMC_08-07_12-18-12_CA_RGB_DF2_M1_1.0.mp4,broken
C_3_8_1_BU_SMC_08-07_12-18-12_CC_RGB_DF2_M1_1.0.mp4,broken
C_3_8_1_BU_SYA_09-17_14-02-32_CC_RGB_DF2_M1_1.0.mp4,broken
C_3_8_1_BU_SYA_09-17_14-02-32_CD_RGB_DF2_M1_1.0.mp4,broken
C_3_8_1_BU_SYB_09-17_11-23-52_CB_RGB_DF2_M1_1.0.mp4,broken
C_3_8_1_BU_SYB_09-17_11-23-52_CC_RGB_DF2_M1_1.0.mp4,broken
C_3_8_1_BU_SYB_09-17_11-23-52_CD_RGB_DF2_M1_1.0.mp4,broken
C_3_8_20_BU_SMA_09-27_11-26-59_CA_RGB_DF2_M3_1.0.mp4,broken
C_3_8_20_BU_SMA_09-27_11-26-59_CC_RGB_DF2_M3_1.0.mp4,broken
C_3_8_20_BU_SMA_09-27_11-26-59_CD_RGB_DF2_M3_1.0.mp4,broken
C_3_8_20_BU_SMB_09-02_15-31-14_CA_RGB_DF2_M3_1.0.mp4,broken
C_3_8_20_BU_SYA_10-06_12-28-10_CA_RGB_DF2_M3_1.0.mp4,broken
C_3_8_20_BU_SYA_10-06_12-28-10_CB_RGB_DF2_M3_1.0.mp4,broken
C_3_8_20_BU_SYB_10-04_11-24-37_CA_RGB_DF2_M3_1.0.mp4,broken
C_3_8_21_BU_SMB_09-02_15-33-25_CB_RGB_DF2_M3_1.0.mp4,broken
C_3_8_21_BU_SMB_09-02_15-33-25_CD_RGB_DF2_M3_1.0.mp4,broken
C_3_8_22_BU_SMA_09-27_11-30-47_CA_RGB_DF2_M3_1.0.mp4,broken
C_3_8_22_BU_SMA_09-27_11-30-47_CA_RGB_DF2_M3_2.0.mp4,broken
C_3_8_22_BU_SMA_09-27_11-30-47_CD_RGB_DF2_M3_1.0.mp4,broken
C_3_8_22_BU_SMB_09-02_15-35-58_CA_RGB_DF2_M3_2.0.mp4,broken
C_3_8_22_BU_SMB_09-02_15-35-58_CD_RGB_DF2_M3_1.0.mp4,broken
C_3_8_22_BU_SMB_09-02_15-35-58_CD_RGB_DF2_M3_2.0.mp4,broken
C_3_8_22_BU_SYA_10-06_12-29-42_CA_RGB_DF2_M3_1.0.mp4,broken
C_3_8_23_BU_SMA_09-27_11-32-22_CB_RGB_DF2_M3_1.0.mp4,broken
C_3_8_23_BU_SMA_09-27_11-32-22_CC_RGB_DF2_M3_1.0.mp4,broken
C_3_8_23_BU_SMB_09-02_15-38-03_CB_RGB_DF2_M3_1.0.mp4,broken
C_3_8_23_BU_SMB_09-02_15-38-03_CC_RGB_DF2_M3_1.0.mp4,broken
C_3_8_23_BU_SYA_10-06_12-31-21_CA_RGB_DF2_M3_1.0.mp4,broken
C_3_8_24_BU_SMA_09-27_11-33-56_CB_RGB_DF2_M3_1.0.mp4,broken
C_3_8_24_BU_SMA_09-27_11-33-56_CD_RGB_DF2_M3_1.0.mp4,broken
C_3_8_24_BU_SMB_09-02_15-39-44_CA_RGB_DF2_M3_1.0.mp4,broken
C_3_8_24_BU_SMB_09-02_15-39-44_CB_RGB_DF2_M3_1.0.mp4,broken
C_3_8_24_BU_SMB_09-02_15-39-44_CC_RGB_DF2_M3_1.0.mp4,broken
C_3_8_24_BU_SYA_10-06_12-33-09_CA_RGB_DF2_M3_1.0.mp4,broken
C_3_8_24_BU_SYA_10-06_12-33-09_CD_RGB_DF2_M3_1.0.mp4,broken
C_3_8_24_BU_SYB_10-04_10-47-42_CB_RGB_DF2_M3_1.0.mp4,broken
C_3_8_24_BU_SYB_10-04_10-47-42_CC_RGB_DF2_M3_1.0.mp4,broken
C_3_8_25_BU_SMA_09-27_10-37-17_CA_RGB_DF2_F3_1.0.mp4,broken
C_3_8_25_BU_SMA_09-27_10-37-17_CD_RGB_DF2_F3_1.0.mp4,broken
C_3_8_25_BU_SYA_10-06_12-35-06_CB_RGB_DF2_F3_1.0.mp4,broken
C_3_8_25_BU_SYB_10-04_11-41-08_CB_RGB_DF2_F3_1.0.mp4,broken
C_3_8_26_BU_SMA_09-27_10-39-31_CA_RGB_DF2_F3_1.0.mp4,broken
C_3_8_26_BU_SMA_09-27_10-39-31_CB_RGB_DF2_F3_1.0.mp4,broken
C_3_8_26_BU_SYA_10-06_12-37-03_CB_RGB_DF2_F3_1.0.mp4,broken
C_3_8_26_BU_SYA_10-06_12-37-03_CD_RGB_DF2_F3_1.0.mp4,broken
C_3_8_26_BU_SYB_10-04_11-43-07_CB_RGB_DF2_F3_1.0.mp4,broken
C_3_8_26_BU_SYB_10-04_11-43-07_CD_RGB_DF2_F3_1.0.mp4,broken
C_3_8_27_BU_DYA_08-23_11-50-33_CB_RGB_DF2_F3_1.0.mp4,broken
C_3_8_28_BU_SYA_10-06_12-38-51_CA_RGB_DF2_F3_1.0.mp4,broken
C_3_8_28_BU_SYA_10-06_12-38-51_CB_RGB_DF2_F3_1.0.mp4,broken
C_3_8_28_BU_SYA_10-06_12-38-51_CC_RGB_DF2_F3_1.0.mp4,broken
C_3_8_29_BU_SMB_09-02_13-53-36_CD_RGB_DF2_F3_1.0.mp4,broken
C_3_8_29_BU_SYA_10-06_12-40-22_CC_RGB_DF2_F3_1.0.mp4,broken
C_3_8_29_BU_SYB_10-04_11-51-32_CC_RGB_DF2_F3_1.0.mp4,broken
C_3_8_2_BU_SMA_09-17_13-41-06_CA_RGB_DF2_M1_1.0.mp4,broken
C_3_8_2_BU_SMA_09-17_13-41-06_CD_RGB_DF2_M1_2.0.mp4,broken
C_3_8_2_BU_SMB_09-17_10-54-25_CB_RGB_DF2_M1_1.0.mp4,broken
C_3_8_2_BU_SMB_09-17_10-54-25_CD_RGB_DF2_M1_2.0.mp4,broken
C_3_8_2_BU_SYA_09-17_14-04-10_CA_RGB_DF2_M1_1.0.mp4,broken
C_3_8_30_BU_DYA_08-23_11-02-10_CB_RGB_DF2_F3_1.0.mp4,broken
C_3_8_30_BU_DYA_08-23_11-02-10_CC_RGB_DF2_F3_1.0.mp4,broken
C_3_8_30_BU_SMA_09-27_10-49-40_CA_RGB_DF2_F3_1.0.mp4,broken
C_3_8_30_BU_SMA_09-27_10-49-40_CB_RGB_DF2_F3_1.0.mp4,broken
C_3_8_30_BU_SMA_09-27_10-49-40_CC_RGB_DF2_F3_1.0.mp4,broken
C_3_8_30_BU_SMA_09-27_10-49-40_CD_RGB_DF2_F3_1.0.mp4,broken
C_3_8_30_BU_SMB_09-02_13-56-20_CB_RGB_DF2_F3_1.0.mp4,broken
C_3_8_30_BU_SYA_10-06_12-41-40_CA_RGB_DF2_F3_1.0.mp4,broken
C_3_8_30_BU_SYA_10-06_12-41-40_CD_RGB_DF2_F3_1.0.mp4,broken
C_3_8_30_BU_SYB_10-04_11-46-35_CC_RGB_DF2_F3_1.0.mp4,broken
C_3_8_31_BU_SMA_09-05_15-05-53_CC_RGB_DF2_M4_1.0.mp4,broken
C_3_8_31_BU_SMA_09-05_15-05-53_CD_RGB_DF2_M4_1.0.mp4,broken
C_3_8_31_BU_SMB_09-05_13-05-28_CD_RGB_DF2_M4_1.0.mp4,broken
C_3_8_31_BU_SMC_10-16_10-38-33_CB_RGB_DF2_M1_1.0.mp4,broken
C_3_8_31_BU_SMC_10-16_10-38-33_CD_RGB_DF2_M1_1.0.mp4,broken
C_3_8_32_BU_DYA_08-12_13-36-04_CB_RGB_DF2_M4_1.0.mp4,broken
C_3_8_32_BU_SMA_09-05_15-08-34_CB_RGB_DF2_M4_1.0.mp4,broken
C_3_8_32_BU_SMA_09-05_15-08-37_CC_RGB_DF2_M4_1.0.mp4,broken
C_3_8_32_BU_SMB_09-05_13-10-13_CC_RGB_DF2_M4_1.0.mp4,broken
C_3_8_32_BU_SMB_09-05_13-10-16_CB_RGB_DF2_M4_1.0.mp4,broken
C_3_8_32_BU_SMC_10-16_10-42-21_CC_RGB_DF2_F1_1.0.mp4,broken
C_3_8_32_BU_SMC_10-16_10-42-21_CC_RGB_DF2_F1_4.0.mp4,broken
C_3_8_33_BU_DYA_08-12_13-37-39_CA_RGB_DF2_M4_1.0.mp4,broken
C_3_8_33_BU_DYA_08-12_13-37-39_CB_RGB_DF2_M4_1.0.mp4,broken
C_3_8_33_BU_DYB_08-10_16-16-04_CB_RGB_DF2_M2_1.0.mp4,broken
C_3_8_33_BU_SMA_09-05_15-10-47_CC_RGB_DF2_M4_1.0.mp4,broken
C_3_8_33_BU_SMA_09-05_15-10-47_CD_RGB_DF2_M4_1.0.mp4,broken
C_3_8_33_BU_SMB_09-05_13-12-39_CC_RGB_DF2_M4_1.0.mp4,broken
C_3_8_33_BU_SMB_09-05_13-12-42_CD_RGB_DF2_M4_1.0.mp4,broken
C_3_8_33_BU_SMB_09-05_13-12-43_CB_RGB_DF2_M4_1.0.mp4,broken
C_3_8_33_BU_SMC_10-16_10-43-58_CA_RGB_DF2_F1_1.0.mp4,broken
C_3_8_33_BU_SMC_10-16_10-43-58_CB_RGB_DF2_F1_1.0.mp4,broken
C_3_8_34_BU_SMA_09-05_15-12-44_CB_RGB_DF2_F4_1.0.mp4,broken
C_3_8_34_BU_SMB_09-05_13-16-21_CC_RGB_DF2_F4_1.0.mp4,broken
C_3_8_34_BU_SMC_10-16_10-47-37_CA_RGB_DF2_F1_1.0.mp4,broken
C_3_8_34_BU_SMC_10-16_10-47-37_CB_RGB_DF2_F1_1.0.mp4,broken
C_3_8_34_BU_SMC_10-16_10-47-37_CC_RGB_DF2_F1_1.0.mp4,broken
C_3_8_34_BU_SMC_10-16_10-47-37_CD_RGB_DF2_F1_1.0.mp4,broken
C_3_8_34_BU_SMC_10-16_10-47-37_CE_RGB_DF2_F1_1.0.mp4,broken
C_3_8_35_BU_DYB_08-10_17-09-54_CA_RGB_DF2_F2_1.0.mp4,broken
C_3_8_35_BU_DYB_08-10_17-09-59_CB_RGB_DF2_F2_1.0.mp4,broken
C_3_8_35_BU_SMA_09-05_15-14-43_CB_RGB_DF2_F4_1.0.mp4,broken
C_3_8_35_BU_SMB_09-05_13-22-16_CC_RGB_DF2_F4_1.0.mp4,broken
C_3_8_35_BU_SMB_09-05_13-22-17_CA_RGB_DF2_F4_1.0.mp4,broken
C_3_8_36_BU_DYA_08-12_14-07-58_CA_RGB_DF2_F4_1.0.mp4,broken
C_3_8_36_BU_DYA_08-12_14-07-58_CB_RGB_DF2_F4_1.0.mp4,broken
C_3_8_36_BU_DYB_08-10_17-11-57_CA_RGB_DF2_F2_1.0.mp4,broken
C_3_8_36_BU_DYB_08-10_17-12-03_CB_RGB_DF2_F2_1.0.mp4,broken
C_3_8_36_BU_SMA_09-05_15-17-37_CC_RGB_DF2_F4_1.0.mp4,broken
C_3_8_36_BU_SMC_10-14_10-03-28_CB_RGB_DF2_M2_1.0.mp4,broken
C_3_8_36_BU_SMC_10-14_10-03-28_CC_RGB_DF2_M2_1.0.mp4,broken
C_3_8_37_BU_SMA_10-06_15-22-01_CA_RGB_DF2_M2_1.0.mp4,broken
C_3_8_37_BU_SMA_10-06_15-22-01_CE_RGB_DF2_M2_1.0.mp4,broken
C_3_8_38_BU_SMA_10-06_15-16-41_CA_RGB_DF2_F2_1.0.mp4,broken
C_3_8_38_BU_SMA_10-06_15-16-41_CB_RGB_DF2_F2_1.0.mp4,broken
C_3_8_38_BU_SMA_10-06_15-16-41_CG_RGB_DF2_F2_1.0.mp4,broken
C_3_8_38_BU_SMA_10-06_15-16-41_CH_RGB_DF2_F2_1.0.mp4,broken
C_3_8_38_BU_SMC_10-14_10-10-28_CB_RGB_DF2_M2_1.0.mp4,broken
C_3_8_39_BU_SMA_09-27_11-29-17_CC_RGB_DF2_M3_1.0.mp4,broken
C_3_8_3_BU_SMA_08-28_13-38-48_CC_RGB_DF2_M1_1.0.mp4,broken
C_3_8_3_BU_SMA_08-28_13-38-49_CB_RGB_DF2_M1_1.0.mp4,broken
C_3_8_3_BU_SMB_08-28_15-57-40_CA_RGB_DF2_M1_1.0.mp4,broken
C_3_8_3_BU_SMB_08-30_16-15-50_CA_RGB_DF2_M1_1.0.mp4,broken
C_3_8_3_BU_SMB_08-30_16-15-50_CA_RGB_DF2_M1_3.0.mp4,broken
C_3_8_3_BU_SMB_08-30_16-15-50_CB_RGB_DF2_M1_1.0.mp4,broken
C_3_8_3_BU_SMB_08-30_16-15-51_CD_RGB_DF2_M1_1.0.mp4,broken
C_3_8_3_BU_SYA_09-17_14-06-51_CA_RGB_DF2_M1_1.0.mp4,broken
C_3_8_3_BU_SYA_09-17_14-06-51_CC_RGB_DF2_M1_1.0.mp4,broken
C_3_8_3_BU_SYB_09-17_11-29-04_CC_RGB_DF2_M1_1.0.mp4,broken
C_3_8_40_BU_DYB_10-16_14-32-36_CB_RGB_DF2_F1_2.0.mp4,broken
C_3_8_40_BU_DYB_10-16_14-32-36_CC_RGB_DF2_F1_2.0.mp4,broken
C_3_8_40_BU_SMA_09-27_10-42-24_CA_RGB_DF2_F3_1.0.mp4,broken
C_3_8_40_BU_SMA_09-27_10-42-24_CB_RGB_DF2_F3_1.0.mp4,broken
C_3_8_40_BU_SMA_09-27_10-42-24_CB_RGB_DF2_F3_2.0.mp4,broken
C_3_8_40_BU_SMA_09-27_10-42-24_CD_RGB_DF2_F3_1.0.mp4,broken
C_3_8_40_BU_SMC_10-14_10-14-20_CA_RGB_DF2_M2_1.0.mp4,broken
C_3_8_40_BU_SMC_10-14_10-14-20_CC_RGB_DF2_M2_1.0.mp4,broken
C_3_8_41_BU_SMC_10-14_12-00-03_CE_RGB_DF2_F2_1.0.mp4,broken
C_3_8_42_BU_DYB_10-16_14-36-48_CD_RGB_DF2_F1_1.0.mp4,broken
C_3_8_42_BU_SMC_10-14_12-02-30_CB_RGB_DF2_F2_1.0.mp4,broken
C_3_8_42_BU_SMC_10-14_12-02-30_CC_RGB_DF2_F2_1.0.mp4,broken
C_3_8_43_BU_DYB_10-17_10-41-44_CE_RGB_DF2_M2_1.0.mp4,broken
C_3_8_43_BU_SMC_10-14_12-04-41_CC_RGB_DF2_F2_1.0.mp4,broken
C_3_8_43_BU_SMC_10-14_12-04-41_CD_RGB_DF2_F2_1.0.mp4,broken
C_3_8_43_BU_SMC_10-14_12-04-41_CE_RGB_DF2_F2_1.0.mp4,broken
C_3_8_44_BU_DYB_10-17_10-43-29_CB_RGB_DF2_M2_1.0.mp4,broken
C_3_8_44_BU_DYB_10-17_10-43-29_CE_RGB_DF2_M2_1.0.mp4,broken
C_3_8_44_BU_SMC_10-14_12-06-29_CA_RGB_DF2_F2_1.0.mp4,broken
C_3_8_44_BU_SMC_10-14_12-06-29_CB_RGB_DF2_F2_1.0.mp4,broken
C_3_8_44_BU_SMC_10-14_12-06-29_CC_RGB_DF2_F2_1.0.mp4,broken
C_3_8_44_BU_SMC_10-14_12-06-29_CD_RGB_DF2_F2_1.0.mp4,broken
C_3_8_44_BU_SMC_10-14_12-06-29_CE_RGB_DF2_F2_1.0.mp4,broken
C_3_8_45_BU_SMC_10-14_12-08-34_CB_RGB_DF2_F2_1.0.mp4,broken
C_3_8_46_BU_DYB_10-17_10-48-21_CD_RGB_DF2_M2_1.0.mp4,broken
C_3_8_46_BU_SMC_10-14_12-10-29_CA_RGB_DF2_F2_1.0.mp4,broken
C_3_8_46_BU_SMC_10-14_12-10-29_CD_RGB_DF2_F2_1.0.mp4,broken
C_3_8_47_BU_DYB_10-17_10-55-07_CE_RGB_DF2_M2_2.0.mp4,broken
C_3_8_47_BU_SMC_10-14_15-57-32_CA_RGB_DF2_M3_1.0.mp4,broken
C_3_8_48_BU_SMC_10-14_15-54-51_CB_RGB_DF2_M3_1.0.mp4,broken
C_3_8_49_BU_SMC_10-14_15-59-53_CC_RGB_DF2_M3_1.0.mp4,broken
C_3_8_49_BU_SMC_10-14_15-59-53_CD_RGB_DF2_M3_1.0.mp4,broken
C_3_8_4_BU_SMA_09-17_13-43-56_CD_RGB_DF2_F1_1.0.mp4,broken
C_3_8_4_BU_SYA_09-17_14-09-33_CC_RGB_DF2_F1_1.0.mp4,broken
C_3_8_4_BU_SYA_09-17_14-09-33_CD_RGB_DF2_F1_1.0.mp4,broken
C_3_8_50_BU_SMC_10-14_16-01-45_CB_RGB_DF2_M3_1.0.mp4,broken
C_3_8_50_BU_SMC_10-14_16-01-45_CE_RGB_DF2_M3_1.0.mp4,broken
C_3_8_51_BU_SMC_10-14_16-03-35_CC_RGB_DF2_M3_1.0.mp4,broken
C_3_8_51_BU_SMC_10-14_16-03-35_CE_RGB_DF2_M3_1.0.mp4,broken
C_3_8_52_BU_SMC_10-14_16-05-19_CC_RGB_DF2_M3_1.0.mp4,broken
C_3_8_52_BU_SMC_10-14_16-05-19_CE_RGB_DF2_M3_1.0.mp4,broken
C_3_8_5_BU_SMA_09-17_13-45-34_CC_RGB_DF2_F1_1.0.mp4,broken
C_3_8_5_BU_SMB_09-17_11-00-58_CC_RGB_DF2_F1_1.0.mp4,broken
C_3_8_5_BU_SYA_09-17_14-11-33_CC_RGB_DF2_F1_1.0.mp4,broken
C_3_8_6_BU_SMA_08-28_13-46-05_CC_RGB_DF2_F1_1.0.mp4,broken
C_3_8_6_BU_SMA_08-28_13-46-06_CA_RGB_DF2_F1_1.0.mp4,broken
C_3_8_6_BU_SMA_08-28_13-46-06_CB_RGB_DF2_F1_1.0.mp4,broken
C_3_8_6_BU_SMA_08-30_14-01-14_CA_RGB_DF2_F1_1.0.mp4,broken
C_3_8_6_BU_SMB_08-28_16-08-00_CD_RGB_DF2_F1_1.0.mp4,broken
C_3_8_6_BU_SMB_08-30_16-08-47_CA_RGB_DF2_F1_1.0.mp4,broken
C_3_8_6_BU_SYA_09-17_14-14-06_CC_RGB_DF2_F1_2.0.mp4,broken
C_3_8_7_BU_SMC_08-01_15-46-34_CE_RGB_DF2_M2_1.0.mp4,broken
C_3_8_7_BU_SYB_09-28_12-05-30_CB_RGB_DF2_M2_1.0.mp4,broken
C_3_8_7_BU_SYB_09-28_12-05-30_CD_RGB_DF2_M2_1.0.mp4,broken
C_3_8_8_BU_SMA_09-07_14-37-52_CD_RGB_DF2_M2_1.0.mp4,broken
C_3_8_8_BU_SMB_09-01_12-52-42_CC_RGB_DF2_M2_1.0.mp4,broken
C_3_8_8_BU_SYB_09-28_12-07-31_CB_RGB_DF2_M2_1.0.mp4,broken
C_3_8_8_BU_SYB_09-28_12-07-31_CC_RGB_DF2_M2_1.0.mp4,broken
C_3_8_8_BU_SYB_09-28_12-07-31_CD_RGB_DF2_M2_1.0.mp4,broken
C_3_8_9_BU_SMA_09-07_14-40-30_CA_RGB_DF2_M2_1.0.mp4,broken
C_3_8_9_BU_SMA_09-07_14-40-30_CD_RGB_DF2_M2_1.0.mp4,broken
C_3_8_9_BU_SMB_09-02_13-21-18_CA_RGB_DF2_M2_1.0.mp4,broken
C_3_8_9_BU_SMB_09-02_13-21-18_CB_RGB_DF2_M2_1.0.mp4,broken
C_3_8_9_BU_SMB_09-02_13-21-18_CD_RGB_DF2_M2_1.0.mp4,broken
C_3_10_10_BU_DYB_10-17_14-47-30_CB_RGB_DF2_F2_1.0.mp4,smoke
C_3_10_10_BU_SMA_09-20_14-28-59_CA_RGB_DF2_M2_1.0.mp4,smoke
C_3_10_10_BU_SMA_09-20_14-28-59_CC_RGB_DF2_M2_1.0.mp4,smoke
C_3_10_10_BU_SMA_09-20_14-28-59_CD_RGB_DF2_M2_1.0.mp4,smoke
C_3_10_10_BU_SMB_09-01_16-28-39_CA_RGB_DF2_M2_1.0.mp4,smoke
C_3_10_10_BU_SMB_09-01_16-28-42_CD_RGB_DF2_M2_1.0.mp4,smoke
C_3_10_10_BU_SYA_09-24_15-56-53_CB_RGB_DF2_M2_1.0.mp4,smoke
C_3_10_10_BU_SYA_09-24_15-56-53_CD_RGB_DF2_M2_1.0.mp4,smoke
C_3_10_10_BU_SYB_09-28_16-23-07_CB_RGB_DF2_M2_1.0.mp4,smoke
C_3_10_11_BU_SMA_09-20_14-30-32_CA_RGB_DF2_M2_1.0.mp4,smoke
C_3_10_11_BU_SMA_09-20_14-30-32_CD_RGB_DF2_M2_1.0.mp4,smoke
C_3_10_11_BU_SMB_09-01_16-30-46_CA_RGB_DF2_M2_1.0.mp4,smoke
C_3_10_11_BU_SMB_09-01_16-30-46_CB_RGB_DF2_M2_1.0.mp4,smoke
C_3_10_11_BU_SMB_09-01_16-30-48_CD_RGB_DF2_M2_1.0.mp4,smoke
C_3_10_11_BU_SYA_09-24_15-58-31_CB_RGB_DF2_M2_1.0.mp4,smoke
C_3_10_11_BU_SYA_09-24_15-58-31_CC_RGB_DF2_M2_1.0.mp4,smoke
C_3_10_11_BU_SYB_09-28_16-21-23_CD_RGB_DF2_M2_1.0.mp4,smoke
C_3_10_12_BU_DYA_08-04_12-00-17_CB_RGB_DF2_F2_1.0.mp4,smoke
C_3_10_12_BU_DYB_10-17_14-50-30_CE_RGB_DF2_F2_1.0.mp4,smoke
C_3_10_12_BU_SMA_09-20_14-34-23_CB_RGB_DF2_F2_1.0.mp4,smoke
C_3_10_12_BU_SYA_09-24_15-37-59_CA_RGB_DF2_F2_1.0.mp4,smoke
C_3_10_12_BU_SYA_09-24_15-37-59_CC_RGB_DF2_F2_1.0.mp4,smoke
C_3_10_13_BU_DYB_10-21_11-47-28_CB_RGB_DF2_F2_1.0.mp4,smoke
C_3_10_13_BU_SMA_09-20_14-36-17_CC_RGB_DF2_F2_1.0.mp4,smoke
C_3_10_13_BU_SYA_09-24_15-39-47_CA_RGB_DF2_F2_1.0.mp4,smoke
C_3_10_14_BU_DYA_08-04_13-12-14_CA_RGB_DF2_M3_1.0.mp4,smoke
C_3_10_14_BU_DYB_10-21_11-49-17_CE_RGB_DF2_F2_1.0.mp4,smoke
C_3_10_14_BU_SMA_09-20_14-38-40_CA_RGB_DF2_F2_1.0.mp4,smoke
C_3_10_14_BU_SMA_09-20_14-38-40_CB_RGB_DF2_F2_1.0.mp4,smoke
C_3_10_14_BU_SMA_09-20_14-38-40_CD_RGB_DF2_F2_1.0.mp4,smoke
C_3_10_14_BU_SMB_09-01_16-56-40_CA_RGB_DF2_F2_1.0.mp4,smoke
C_3_10_14_BU_SMB_09-01_16-56-42_CC_RGB_DF2_F2_1.0.mp4,smoke
C_3_10_14_BU_SYA_09-24_15-41-30_CD_RGB_DF2_F2_1.0.mp4,smoke
C_3_10_15_BU_DYA_08-04_13-14-10_CA_RGB_DF2_M3_1.0.mp4,smoke
C_3_10_15_BU_DYB_10-17_14-56-59_CA_RGB_DF2_M3_1.0.mp4,smoke
C_3_10_15_BU_SMA_09-20_14-41-49_CB_RGB_DF2_F2_1.0.mp4,smoke
C_3_10_15_BU_SMA_09-20_14-41-49_CD_RGB_DF2_F2_1.0.mp4,smoke
C_3_10_15_BU_SMB_09-01_16-59-18_CA_RGB_DF2_F2_1.0.mp4,smoke
C_3_10_15_BU_SYA_09-24_15-43-22_CA_RGB_DF2_F2_1.0.mp4,smoke
C_3_10_15_BU_SYA_09-24_15-43-22_CC_RGB_DF2_F2_1.0.mp4,smoke
C_3_10_15_BU_SYB_09-28_16-38-37_CD_RGB_DF2_F2_1.0.mp4,smoke
C_3_10_16_BU_DYA_08-04_13-16-11_CA_RGB_DF2_M3_2.0.mp4,smoke
C_3_10_16_BU_DYB_10-17_14-54-46_CA_RGB_DF2_M3_1.0.mp4,smoke
C_3_10_16_BU_DYB_10-17_14-54-46_CC_RGB_DF2_M3_1.0.mp4,smoke
C_3_10_16_BU_DYB_10-17_14-54-46_CD_RGB_DF2_M3_1.0.mp4,smoke
C_3_10_16_BU_SMA_09-20_14-43-41_CB_RGB_DF2_F2_1.0.mp4,smoke
C_3_10_16_BU_SMB_09-01_17-01-36_CA_RGB_DF2_F2_1.0.mp4,smoke
C_3_10_16_BU_SMB_09-01_17-01-36_CB_RGB_DF2_F2_1.0.mp4,smoke
C_3_10_16_BU_SYA_09-24_15-44-57_CA_RGB_DF2_F2_1.0.mp4,smoke
C_3_10_16_BU_SYB_09-28_16-41-03_CC_RGB_DF2_F2_1.0.mp4,smoke
C_3_10_16_BU_SYB_09-28_16-41-03_CD_RGB_DF2_F2_1.0.mp4,smoke
C_3_10_17_BU_SMA_09-20_14-45-52_CA_RGB_DF2_F2_1.0.mp4,smoke
C_3_10_17_BU_SMB_09-01_16-34-06_CD_RGB_DF2_F2_1.0.mp4,smoke
C_3_10_17_BU_SYB_09-28_16-32-06_CD_RGB_DF2_F2_1.0.mp4,smoke
C_3_10_18_BU_DYA_08-04_13-03-06_CC_RGB_DF2_M3_1.0.mp4,smoke
C_3_10_18_BU_DYB_10-17_15-01-02_CA_RGB_DF2_M3_1.0.mp4,smoke
C_3_10_18_BU_SMA_09-20_14-48-00_CB_RGB_DF2_F2_1.0.mp4,smoke
C_3_10_18_BU_SMA_09-20_14-48-00_CC_RGB_DF2_F2_1.0.mp4,smoke
C_3_10_18_BU_SMB_09-01_16-35-58_CA_RGB_DF2_F2_1.0.mp4,smoke
C_3_10_18_BU_SMB_09-01_16-35-59_CB_RGB_DF2_F2_1.0.mp4,smoke
C_3_10_18_BU_SMB_09-01_16-36-01_CC_RGB_DF2_F2_1.0.mp4,smoke
C_3_10_18_BU_SYB_09-28_16-33-54_CB_RGB_DF2_F2_1.0.mp4,smoke
C_3_10_18_BU_SYB_09-28_16-33-54_CD_RGB_DF2_F2_1.0.mp4,smoke
C_3_10_19_BU_DYA_08-04_13-05-55_CC_RGB_DF2_M3_1.0.mp4,smoke
C_3_10_19_BU_DYA_08-04_13-05-56_CB_RGB_DF2_M3_1.0.mp4,smoke
C_3_10_19_BU_DYB_10-17_14-58-53_CA_RGB_DF2_M3_1.0.mp4,smoke
C_3_10_19_BU_DYB_10-17_14-58-53_CE_RGB_DF2_M3_1.0.mp4,smoke
C_3_10_19_BU_SMA_09-20_14-50-57_CD_RGB_DF2_F2_1.0.mp4,smoke
C_3_10_19_BU_SMB_09-01_16-42-00_CB_RGB_DF2_F2_1.0.mp4,smoke
C_3_10_19_BU_SYB_09-28_16-43-14_CB_RGB_DF2_F2_1.0.mp4,smoke
C_3_10_1_BU_DYA_08-04_11-16-33_CA_RGB_DF2_M2_1.0.mp4,smoke
C_3_10_1_BU_DYA_08-04_11-16-33_CC_RGB_DF2_M2_1.0.mp4,smoke
C_3_10_1_BU_DYB_10-21_11-29-22_CE_RGB_DF2_M2_2.0.mp4,smoke
C_3_10_1_BU_SMA_09-20_14-08-01_CC_RGB_DF2_M2_1.0.mp4,smoke
C_3_10_1_BU_SMA_09-20_14-08-01_CD_RGB_DF2_M2_1.0.mp4,smoke
C_3_10_1_BU_SMB_09-01_16-06-54_CD_RGB_DF2_M2_1.0.mp4,smoke
C_3_10_20_BU_DYA_08-04_13-09-14_CA_RGB_DF2_M3_1.0.mp4,smoke
C_3_10_20_BU_DYA_08-04_13-09-15_CC_RGB_DF2_M3_1.0.mp4,smoke
C_3_10_20_BU_DYB_10-21_11-53-54_CA_RGB_DF2_M3_1.0.mp4,smoke
C_3_10_20_BU_SMA_09-20_14-52-50_CB_RGB_DF2_F2_1.0.mp4,smoke
C_3_10_20_BU_SMB_09-01_16-44-43_CA_RGB_DF2_F2_1.0.mp4,smoke
C_3_10_20_BU_SMB_09-01_16-44-45_CC_RGB_DF2_F2_1.0.mp4,smoke
C_3_10_20_BU_SYA_09-24_16-07-20_CA_RGB_DF2_F2_1.0.mp4,smoke
C_3_10_20_BU_SYA_09-24_16-07-20_CA_RGB_DF2_F2_2.0.mp4,smoke
C_3_10_20_BU_SYA_09-24_16-07-20_CB_RGB_DF2_F2_1.0.mp4,smoke
C_3_10_21_BU_DYA_08-04_13-21-33_CA_RGB_DF2_F3_2.0.mp4,smoke
C_3_10_21_BU_DYB_10-21_11-55-28_CA_RGB_DF2_M3_1.0.mp4,smoke
C_3_10_21_BU_DYB_10-21_11-55-28_CB_RGB_DF2_M3_1.0.mp4,smoke
C_3_10_21_BU_DYB_10-21_11-55-28_CD_RGB_DF2_M3_1.0.mp4,smoke
C_3_10_21_BU_SMA_09-20_14-54-46_CC_RGB_DF2_F2_1.0.mp4,smoke
C_3_10_21_BU_SMB_09-01_16-46-39_CA_RGB_DF2_F2_1.0.mp4,smoke
C_3_10_21_BU_SYA_09-24_16-08-54_CB_RGB_DF2_F2_1.0.mp4,smoke
C_3_10_21_BU_SYA_09-24_16-08-54_CC_RGB_DF2_F2_1.0.mp4,smoke
C_3_10_22_BU_DYB_10-17_15-02-32_CA_RGB_DF2_F3_1.0.mp4,smoke
C_3_10_22_BU_SMA_09-27_14-48-04_CC_RGB_DF2_M3_1.0.mp4,smoke
C_3_10_22_BU_SYA_10-06_13-47-01_CC_RGB_DF2_M3_1.0.mp4,smoke
C_3_10_22_BU_SYA_10-06_13-47-01_CD_RGB_DF2_M3_1.0.mp4,smoke
C_3_10_23_BU_DYA_08-04_13-26-31_CA_RGB_DF2_F3_1.0.mp4,smoke
C_3_10_23_BU_DYA_08-04_13-26-32_CC_RGB_DF2_F3_1.0.mp4,smoke
C_3_10_23_BU_DYB_10-17_15-04-03_CA_RGB_DF2_F3_1.0.mp4,smoke
C_3_10_23_BU_DYB_10-17_15-04-03_CB_RGB_DF2_F3_1.0.mp4,smoke
C_3_10_23_BU_SMA_09-27_14-49-36_CC_RGB_DF2_M3_1.0.mp4,smoke
C_3_10_23_BU_SMB_09-02_17-28-35_CC_RGB_DF2_M3_1.0.mp4,smoke
C_3_10_23_BU_SMB_09-02_17-28-35_CD_RGB_DF2_M3_1.0.mp4,smoke
C_3_10_23_BU_SYA_10-06_13-48-30_CA_RGB_DF2_M3_1.0.mp4,smoke
C_3_10_23_BU_SYA_10-06_13-48-30_CB_RGB_DF2_M3_1.0.mp4,smoke
C_3_10_23_BU_SYB_10-04_13-48-12_CC_RGB_DF2_M3_1.0.mp4,smoke
C_3_10_24_BU_DYA_08-04_13-31-04_CC_RGB_DF2_F3_1.0.mp4,smoke
C_3_10_24_BU_DYB_10-21_11-57-12_CB_RGB_DF2_F3_1.0.mp4,smoke
C_3_10_24_BU_DYB_10-21_11-57-12_CC_RGB_DF2_F3_1.0.mp4,smoke
C_3_10_24_BU_DYB_10-21_11-57-12_CE_RGB_DF2_F3_1.0.mp4,smoke
C_3_10_24_BU_SMA_09-27_14-51-36_CD_RGB_DF2_M3_1.0.mp4,smoke
C_3_10_24_BU_SMB_09-02_17-30-03_CC_RGB_DF2_M3_1.0.mp4,smoke
C_3_10_24_BU_SYB_10-04_13-49-57_CA_RGB_DF2_M3_1.0.mp4,smoke
C_3_10_24_BU_SYB_10-04_13-49-57_CD_RGB_DF2_M3_1.0.mp4,smoke
C_3_10_25_BU_DYB_10-17_15-07-29_CA_RGB_DF2_F3_2.0.mp4,smoke
C_3_10_25_BU_DYB_10-17_15-07-29_CC_RGB_DF2_F3_1.0.mp4,smoke
C_3_10_25_BU_DYB_10-17_15-07-29_CD_RGB_DF2_F3_1.0.mp4,smoke
C_3_10_25_BU_SMA_09-27_14-53-29_CC_RGB_DF2_M3_1.0.mp4,smoke
C_3_10_25_BU_SMB_09-02_17-31-33_CD_RGB_DF2_M3_1.0.mp4,smoke
C_3_10_25_BU_SYB_10-04_13-51-40_CC_RGB_DF2_M3_1.0.mp4,smoke
C_3_10_26_BU_DYA_08-04_13-34-52_CA_RGB_DF2_F3_1.0.mp4,smoke
C_3_10_26_BU_DYA_08-04_13-34-54_CB_RGB_DF2_F3_1.0.mp4,smoke
C_3_10_26_BU_SMA_09-27_14-54-50_CB_RGB_DF2_M3_1.0.mp4,smoke
C_3_10_26_BU_SMA_09-27_14-54-50_CC_RGB_DF2_M3_1.0.mp4,smoke
C_3_10_26_BU_SMB_09-02_17-33-23_CC_RGB_DF2_M3_1.0.mp4,smoke
C_3_10_26_BU_SYA_10-06_13-53-16_CA_RGB_DF2_M3_1.0.mp4,smoke
C_3_10_26_BU_SYA_10-06_13-53-16_CD_RGB_DF2_M3_1.0.mp4,smoke
C_3_10_27_BU_DYA_08-04_14-26-59_CA_RGB_DF2_M2_1.0.mp4,smoke
C_3_10_27_BU_DYB_10-21_11-59-16_CA_RGB_DF2_F3_1.0.mp4,smoke
C_3_10_27_BU_DYB_10-21_11-59-16_CB_RGB_DF2_F3_1.0.mp4,smoke
C_3_10_27_BU_SMA_09-27_14-56-17_CC_RGB_DF2_M3_1.0.mp4,smoke
C_3_10_27_BU_SMA_09-27_14-56-17_CD_RGB_DF2_M3_1.0.mp4,smoke
C_3_10_27_BU_SMB_09-02_17-34-43_CC_RGB_DF2_M3_1.0.mp4,smoke
C_3_10_27_BU_SYA_10-06_13-54-35_CC_RGB_DF2_M3_1.0.mp4,smoke
C_3_10_27_BU_SYB_10-04_13-54-47_CA_RGB_DF2_M3_1.0.mp4,smoke
C_3_10_27_BU_SYB_10-04_13-54-47_CB_RGB_DF2_M3_1.0.mp4,smoke
C_3_10_27_BU_SYB_10-04_13-54-47_CC_RGB_DF2_M3_1.0.mp4,smoke
C_3_10_28_BU_DYA_08-04_14-29-02_CC_RGB_DF2_M2_1.0.mp4,smoke
C_3_10_28_BU_DYB_10-21_12-00-50_CC_RGB_DF2_F3_1.0.mp4,smoke
C_3_10_28_BU_DYB_10-21_12-00-50_CD_RGB_DF2_F3_1.0.mp4,smoke
C_3_10_28_BU_SMA_09-27_14-27-34_CA_RGB_DF2_M3_1.0.mp4,smoke
C_3_10_28_BU_SYA_10-06_13-30-46_CC_RGB_DF2_M3_1.0.mp4,smoke
C_3_10_29_BU_DYA_08-04_14-31-18_CA_RGB_DF2_M2_1.0.mp4,smoke
C_3_10_29_BU_SMA_09-27_14-28-59_CB_RGB_DF2_M3_1.0.mp4,smoke
C_3_10_29_BU_SMA_09-27_14-28-59_CC_RGB_DF2_M3_1.0.mp4,smoke
C_3_10_29_BU_SMA_09-27_14-28-59_CD_RGB_DF2_M3_1.0.mp4,smoke
C_3_10_29_BU_SMB_09-02_17-19-23_CA_RGB_DF2_M3_1.0.mp4,smoke
C_3_10_29_BU_SMB_09-02_17-19-23_CB_RGB_DF2_M3_1.0.mp4,smoke
C_3_10_29_BU_SYA_10-06_13-31-44_CA_RGB_DF2_M3_1.0.mp4,smoke
C_3_10_29_BU_SYA_10-06_13-31-44_CB_RGB_DF2_M3_1.0.mp4,smoke
C_3_10_29_BU_SYA_10-06_13-31-44_CC_RGB_DF2_M3_1.0.mp4,smoke
C_3_10_29_BU_SYB_10-04_14-08-56_CB_RGB_DF2_M3_1.0.mp4,smoke
C_3_10_29_BU_SYB_10-04_14-08-56_CC_RGB_DF2_M3_1.0.mp4,smoke
C_3_10_2_BU_DYB_10-21_11-31-08_CB_RGB_DF2_M2_1.0.mp4,smoke
C_3_10_2_BU_SMA_09-20_14-10-15_CB_RGB_DF2_M2_1.0.mp4,smoke
C_3_10_2_BU_SMB_09-01_16-08-47_CA_RGB_DF2_M2_1.0.mp4,smoke
C_3_10_2_BU_SYA_09-24_15-26-12_CA_RGB_DF2_M2_1.0.mp4,smoke
C_3_10_2_BU_SYB_09-28_16-05-16_CC_RGB_DF2_M2_1.0.mp4,smoke
C_3_10_30_BU_DYA_08-04_14-33-46_CA_RGB_DF2_M2_1.0.mp4,smoke
C_3_10_30_BU_DYA_08-04_14-33-47_CC_RGB_DF2_M2_1.0.mp4,smoke
C_3_10_30_BU_SMB_09-02_17-21-17_CA_RGB_DF2_M3_1.0.mp4,smoke
C_3_10_30_BU_SMB_09-02_17-21-17_CC_RGB_DF2_M3_1.0.mp4,smoke
C_3_10_30_BU_SMB_09-02_17-21-17_CD_RGB_DF2_M3_1.0.mp4,smoke
C_3_10_30_BU_SYA_10-06_13-34-40_CB_RGB_DF2_M3_1.0.mp4,smoke
C_3_10_30_BU_SYB_10-04_14-10-46_CB_RGB_DF2_M3_1.0.mp4,smoke
C_3_10_30_BU_SYB_10-04_14-10-46_CD_RGB_DF2_M3_1.0.mp4,smoke
C_3_10_31_BU_DYA_08-04_14-15-46_CA_RGB_DF2_M2_1.0.mp4,smoke
C_3_10_31_BU_SMA_09-27_14-32-56_CD_RGB_DF2_M3_1.0.mp4,smoke
C_3_10_31_BU_SMB_09-02_17-22-51_CA_RGB_DF2_M3_1.0.mp4,smoke
C_3_10_31_BU_SMB_09-02_17-22-51_CC_RGB_DF2_M3_1.0.mp4,smoke
C_3_10_31_BU_SMB_09-02_17-22-51_CD_RGB_DF2_M3_1.0.mp4,smoke
C_3_10_31_BU_SYA_10-06_13-36-23_CB_RGB_DF2_M3_1.0.mp4,smoke
C_3_10_31_BU_SYA_10-06_13-36-23_CD_RGB_DF2_M3_1.0.mp4,smoke
C_3_10_32_BU_DYA_08-04_14-18-50_CB_RGB_DF2_M2_1.0.mp4,smoke
C_3_10_32_BU_SMA_09-27_14-34-16_CC_RGB_DF2_M3_1.0.mp4,smoke
C_3_10_32_BU_SMA_09-27_14-34-16_CD_RGB_DF2_M3_1.0.mp4,smoke
C_3_10_32_BU_SYA_10-06_13-37-55_CC_RGB_DF2_M3_1.0.mp4,smoke
C_3_10_33_BU_DYA_08-04_14-20-45_CC_RGB_DF2_M2_1.0.mp4,smoke
C_3_10_33_BU_SMA_09-27_14-57-48_CB_RGB_DF2_F3_1.0.mp4,smoke
C_3_10_33_BU_SMA_09-27_14-57-48_CC_RGB_DF2_F3_1.0.mp4,smoke
C_3_10_33_BU_SMB_09-02_16-56-33_CA_RGB_DF2_F3_1.0.mp4,smoke
C_3_10_33_BU_SMB_09-02_16-56-33_CB_RGB_DF2_F3_1.0.mp4,smoke
C_3_10_33_BU_SMB_09-02_16-56-33_CC_RGB_DF2_F3_1.0.mp4,smoke
C_3_10_33_BU_SMB_09-02_16-56-33_CD_RGB_DF2_F3_1.0.mp4,smoke
C_3_10_33_BU_SYB_10-04_13-56-16_CA_RGB_DF2_F3_1.0.mp4,smoke
C_3_10_33_BU_SYB_10-04_13-56-16_CB_RGB_DF2_F3_1.0.mp4,smoke
C_3_10_33_BU_SYB_10-04_13-56-16_CC_RGB_DF2_F3_1.0.mp4,smoke
C_3_10_3_BU_DYB_10-17_14-41-45_CC_RGB_DF2_M2_1.0.mp4,smoke
C_3_10_3_BU_DYB_10-17_14-41-45_CD_RGB_DF2_M2_1.0.mp4,smoke
C_3_10_3_BU_SMA_09-20_14-12-55_CB_RGB_DF2_M2_1.0.mp4,smoke
C_3_10_3_BU_SMA_09-20_14-12-55_CC_RGB_DF2_M2_1.0.mp4,smoke
C_3_10_3_BU_SMA_09-20_14-12-55_CD_RGB_DF2_M2_1.0.mp4,smoke
C_3_10_3_BU_SMB_09-01_16-10-51_CB_RGB_DF2_M2_1.0.mp4,smoke
C_3_10_4_BU_DYA_08-04_11-33-12_CB_RGB_DF2_M2_1.0.mp4,smoke
C_3_10_4_BU_DYB_10-17_14-44-51_CE_RGB_DF2_M2_1.0.mp4,smoke
C_3_10_4_BU_SMA_09-20_14-17-53_CC_RGB_DF2_M2_1.0.mp4,smoke
C_3_10_4_BU_SMA_09-20_14-17-53_CD_RGB_DF2_M2_1.0.mp4,smoke
C_3_10_4_BU_SMB_09-01_16-13-28_CC_RGB_DF2_M2_1.0.mp4,smoke
C_3_10_4_BU_SYA_09-24_15-30-53_CC_RGB_DF2_M2_1.0.mp4,smoke
C_3_10_4_BU_SYB_09-28_16-09-02_CC_RGB_DF2_M2_1.0.mp4,smoke
C_3_10_5_BU_DYA_08-04_11-35-42_CB_RGB_DF2_M2_1.0.mp4,smoke
C_3_10_5_BU_DYA_08-04_11-35-42_CC_RGB_DF2_M2_1.0.mp4,smoke
C_3_10_5_BU_DYB_10-17_14-43-18_CA_RGB_DF2_M2_1.0.mp4,smoke
C_3_10_5_BU_DYB_10-17_14-43-18_CB_RGB_DF2_M2_1.0.mp4,smoke
C_3_10_5_BU_DYB_10-17_14-43-18_CC_RGB_DF2_M2_1.0.mp4,smoke
C_3_10_5_BU_SMA_09-20_14-15-34_CC_RGB_DF2_M2_1.0.mp4,smoke
C_3_10_5_BU_SMA_09-20_14-15-34_CD_RGB_DF2_M2_1.0.mp4,smoke
C_3_10_5_BU_SMB_09-01_16-16-36_CA_RGB_DF2_M2_1.0.mp4,smoke
C_3_10_5_BU_SMB_09-01_16-16-39_CC_RGB_DF2_M2_1.0.mp4,smoke
C_3_10_5_BU_SYA_09-24_15-32-46_CD_RGB_DF2_M2_2.0.mp4,smoke
C_3_10_5_BU_SYB_09-28_16-10-34_CB_RGB_DF2_M2_1.0.mp4,smoke
C_3_10_6_BU_DYB_10-21_11-34-40_CA_RGB_DF2_M2_1.0.mp4,smoke
C_3_10_6_BU_SMB_09-01_16-18-29_CB_RGB_DF2_M2_1.0.mp4,smoke
C_3_10_6_BU_SMB_09-01_16-18-31_CD_RGB_DF2_M2_1.0.mp4,smoke
C_3_10_6_BU_SYA_09-24_15-34-39_CB_RGB_DF2_M2_1.0.mp4,smoke
C_3_10_6_BU_SYA_09-24_15-34-39_CC_RGB_DF2_M2_1.0.mp4,smoke
C_3_10_7_BU_DYB_10-21_11-36-40_CA_RGB_DF2_M2_1.0.mp4,smoke
C_3_10_7_BU_DYB_10-21_11-36-40_CC_RGB_DF2_M2_1.0.mp4,smoke
C_3_10_7_BU_DYB_10-21_11-36-40_CD_RGB_DF2_M2_1.0.mp4,smoke
C_3_10_7_BU_SMA_09-20_14-23-21_CB_RGB_DF2_M2_1.0.mp4,smoke
C_3_10_7_BU_SMB_09-01_16-20-53_CB_RGB_DF2_M2_1.0.mp4,smoke
C_3_10_7_BU_SMB_09-01_16-20-55_CC_RGB_DF2_M2_1.0.mp4,smoke
C_3_10_7_BU_SMB_09-01_16-20-55_CD_RGB_DF2_M2_1.0.mp4,smoke
C_3_10_7_BU_SYA_09-24_15-50-59_CB_RGB_DF2_M2_1.0.mp4,smoke
C_3_10_7_BU_SYA_09-24_15-50-59_CD_RGB_DF2_M2_2.0.mp4,smoke
C_3_10_7_BU_SYB_09-28_16-15-14_CB_RGB_DF2_M2_1.0.mp4,smoke
C_3_10_8_BU_DYB_10-21_11-43-22_CA_RGB_DF2_F2_1.0.mp4,smoke
C_3_10_8_BU_SMA_09-20_14-25-18_CA_RGB_DF2_M2_1.0.mp4,smoke
C_3_10_8_BU_SMB_09-01_16-23-43_CC_RGB_DF2_M2_1.0.mp4,smoke
C_3_10_8_BU_SMB_09-01_16-23-43_CD_RGB_DF2_M2_1.0.mp4,smoke
C_3_10_8_BU_SYA_09-24_15-52-47_CB_RGB_DF2_M2_1.0.mp4,smoke
C_3_10_8_BU_SYB_09-28_16-16-53_CB_RGB_DF2_M2_1.0.mp4,smoke
C_3_10_8_BU_SYB_09-28_16-16-53_CC_RGB_DF2_M2_1.0.mp4,smoke
C_3_10_8_BU_SYB_09-28_16-16-53_CD_RGB_DF2_M2_1.0.mp4,smoke
C_3_10_9_BU_DYB_10-21_11-45-17_CA_RGB_DF2_F2_1.0.mp4,smoke
C_3_10_9_BU_DYB_10-21_11-45-17_CC_RGB_DF2_F2_1.0.mp4,smoke
C_3_10_9_BU_SMA_09-20_14-27-03_CB_RGB_DF2_M2_1.0.mp4,smoke
C_3_10_9_BU_SMB_09-01_16-26-17_CA_RGB_DF2_M2_1.0.mp4,smoke
C_3_10_9_BU_SYA_09-24_15-54-32_CA_RGB_DF2_M2_1.0.mp4,smoke
C_3_10_9_BU_SYB_09-28_16-18-39_CC_RGB_DF2_M2_1.0.mp4,smoke
C_3_13_10_BU_DYA_08-23_14-23-15_CA_RGB_DF2_F2_M2_1.0.mp4,fight
C_3_13_10_BU_DYA_08-23_14-23-15_CA_RGB_DF2_F2_M2_2.0.mp4,fight
C_3_13_10_BU_DYA_08-23_14-23-15_CC_RGB_DF2_F2_M2_1.0.mp4,fight
C_3_13_10_BU_DYA_08-23_14-23-15_CC_RGB_DF2_F2_M2_2.0.mp4,fight
C_3_13_10_BU_DYB_10-17_11-37-00_CB_RGB_DF2_F2_1.0.mp4,fight
C_3_13_10_BU_DYB_10-17_11-37-00_CB_RGB_DF2_F2_3.0.mp4,fight
C_3_13_10_BU_DYB_10-17_11-37-00_CC_RGB_DF2_F2_1.0.mp4,fight
C_3_13_10_BU_DYB_10-17_11-37-00_CC_RGB_DF2_F2_3.0.mp4,fight
C_3_13_10_BU_SMA_09-20_11-23-06_CB_RGB_DF2_F2_1.0.mp4,fight
C_3_13_10_BU_SMA_09-20_11-23-06_CB_RGB_DF2_F2_2.0.mp4,fight
C_3_13_10_BU_SMA_09-20_11-23-06_CC_RGB_DF2_F2_2.0.mp4,fight
C_3_13_10_BU_SMB_09-01_15-34-04_CD_RGB_DF2_F2_1.0.mp4,fight
C_3_13_10_BU_SMB_09-01_15-34-04_CD_RGB_DF2_F2_3.0.mp4,fight
C_3_13_10_BU_SYB_09-28_15-42-44_CA_RGB_DF2_F2_2.0.mp4,fight
C_3_13_10_BU_SYB_09-28_15-42-44_CD_RGB_DF2_F2_2.0.mp4,fight
C_3_13_11_BU_DYA_08-23_14-10-13_CA_RGB_DF2_M2_F2_1.0.mp4,fight
C_3_13_11_BU_DYA_08-23_14-10-13_CB_RGB_DF2_M2_F2_1.0.mp4,fight
C_3_13_11_BU_DYA_08-23_14-10-13_CB_RGB_DF2_M2_F2_2.0.mp4,fight
C_3_13_11_BU_DYA_08-23_14-10-13_CC_RGB_DF2_M2_F2_3.0.mp4,fight
C_3_13_11_BU_DYB_10-17_11-37-06_CE_RGB_DF2_F2_1.0.mp4,fight
C_3_13_11_BU_SMA_09-20_11-25-10_CB_RGB_DF2_F2_1.0.mp4,fight
C_3_13_11_BU_SMA_09-20_11-25-10_CB_RGB_DF2_F2_2.0.mp4,fight
C_3_13_11_BU_SMA_09-20_11-25-10_CD_RGB_DF2_F2_1.0.mp4,fight
C_3_13_11_BU_SMA_09-20_11-25-10_CD_RGB_DF2_F2_2.0.mp4,fight
C_3_13_11_BU_SMB_09-01_15-36-33_CA_RGB_DF2_F2_1.0.mp4,fight
C_3_13_11_BU_SMB_09-01_15-36-33_CA_RGB_DF2_F2_5.0.mp4,fight
C_3_13_11_BU_SMB_09-01_15-36-33_CD_RGB_DF2_F2_2.0.mp4,fight
C_3_13_11_BU_SMB_09-01_15-36-33_CD_RGB_DF2_F2_3.0.mp4,fight
C_3_13_11_BU_SYB_09-28_15-44-15_CA_RGB_DF2_F2_2.0.mp4,fight
C_3_13_11_BU_SYB_09-28_15-44-15_CC_RGB_DF2_F2_2.0.mp4,fight
C_3_13_12_BU_DYA_08-23_14-12-59_CB_RGB_DF2_M2_F2_2.0.mp4,fight
C_3_13_12_BU_DYB_10-17_11-41-00_CB_RGB_DF2_F2_1.0.mp4,fight
C_3_13_12_BU_DYB_10-17_11-41-00_CC_RGB_DF2_F2_1.0.mp4,fight
C_3_13_12_BU_SMA_09-20_11-28-11_CB_RGB_DF2_F2_1.0.mp4,fight
C_3_13_12_BU_SMA_09-20_11-28-11_CB_RGB_DF2_F2_2.0.mp4,fight
C_3_13_12_BU_SMB_09-01_15-38-42_CC_RGB_DF2_F2_2.0.mp4,fight
C_3_13_12_BU_SYB_09-28_15-45-33_CA_RGB_DF2_F2_1.0.mp4,fight
C_3_13_12_BU_SYB_09-28_15-45-33_CA_RGB_DF2_F2_2.0.mp4,fight
C_3_13_12_BU_SYB_09-28_15-45-33_CB_RGB_DF2_F2_2.0.mp4,fight
C_3_13_13_BU_DYB_10-17_13-55-17_CC_RGB_DF2_M3_1.0.mp4,fight
C_3_13_13_BU_SMA_09-20_11-30-56_CA_RGB_DF2_M2_1.0.mp4,fight
C_3_13_13_BU_SMA_09-20_11-30-56_CA_RGB_DF2_M2_2.0.mp4,fight
C_3_13_13_BU_SMA_09-20_11-30-56_CB_RGB_DF2_M2_1.0.mp4,fight
C_3_13_13_BU_SMA_09-20_11-30-56_CB_RGB_DF2_M2_2.0.mp4,fight
C_3_13_13_BU_SMA_09-20_11-30-56_CC_RGB_DF2_M2_1.0.mp4,fight
C_3_13_13_BU_SMA_09-20_11-30-56_CC_RGB_DF2_M2_2.0.mp4,fight
C_3_13_13_BU_SMB_09-01_15-42-21_CA_RGB_DF2_M2_1.0.mp4,fight
C_3_13_13_BU_SMB_09-01_15-42-21_CA_RGB_DF2_M2_2.0.mp4,fight
C_3_13_13_BU_SYB_09-28_15-46-56_CD_RGB_DF2_M2_2.0.mp4,fight
C_3_13_14_BU_DYB_10-17_13-57-13_CB_RGB_DF2_M3_1.0.mp4,fight
C_3_13_14_BU_SMA_09-20_11-32-51_CB_RGB_DF2_M2_1.0.mp4,fight
C_3_13_14_BU_SMA_09-20_11-32-51_CB_RGB_DF2_M2_2.0.mp4,fight
C_3_13_14_BU_SMA_09-20_11-32-51_CC_RGB_DF2_M2_2.0.mp4,fight
C_3_13_14_BU_SYB_09-28_15-48-28_CA_RGB_DF2_M2_1.0.mp4,fight
C_3_13_14_BU_SYB_09-28_15-48-28_CA_RGB_DF2_M2_2.0.mp4,fight
C_3_13_15_BU_DYA_08-23_13-09-19_CA_RGB_DF2_F3_M3_1.0.mp4,fight
C_3_13_15_BU_DYA_08-23_13-09-19_CC_RGB_DF2_F3_M3_1.0.mp4,fight
C_3_13_15_BU_DYB_10-17_14-00-03_CA_RGB_DF2_M3_1.0.mp4,fight
C_3_13_15_BU_DYB_10-17_14-00-03_CD_RGB_DF2_M3_1.0.mp4,fight
C_3_13_15_BU_SMA_09-20_11-34-51_CA_RGB_DF2_M2_1.0.mp4,fight
C_3_13_15_BU_SMA_09-20_11-34-51_CA_RGB_DF2_M2_2.0.mp4,fight
C_3_13_15_BU_SMB_09-01_15-48-39_CD_RGB_DF2_M2_2.0.mp4,fight
C_3_13_15_BU_SYB_09-28_15-50-03_CD_RGB_DF2_M2_2.0.mp4,fight
C_3_13_16_BU_SMA_09-20_11-38-03_CA_RGB_DF2_M2_1.0.mp4,fight
C_3_13_16_BU_SMA_09-20_11-38-03_CA_RGB_DF2_M2_2.0.mp4,fight
C_3_13_16_BU_SMA_09-20_11-38-03_CC_RGB_DF2_M2_2.0.mp4,fight
C_3_13_17_BU_DYA_08-23_13-13-12_CB_RGB_DF2_F3_M3_2.0.mp4,fight
C_3_13_17_BU_DYB_10-17_14-03-37_CC_RGB_DF2_F3_1.0.mp4,fight
C_3_13_17_BU_SMB_09-01_15-53-07_CD_RGB_DF2_M2_2.0.mp4,fight
C_3_13_18_BU_DYA_08-23_13-02-08_CC_RGB_DF2_M3_F3_1.0.mp4,fight
C_3_13_18_BU_DYB_10-17_14-05-13_CB_RGB_DF2_F3_1.0.mp4,fight
C_3_13_18_BU_SMA_09-20_11-41-25_CA_RGB_DF2_M2_1.0.mp4,fight
C_3_13_18_BU_SMA_09-20_11-41-25_CA_RGB_DF2_M2_2.0.mp4,fight
C_3_13_18_BU_SMA_09-20_11-41-25_CC_RGB_DF2_M2_2.0.mp4,fight
C_3_13_19_BU_DYA_08-23_13-07-25_CB_RGB_DF2_M3_F3_1.0.mp4,fight
C_3_13_19_BU_DYA_08-23_13-07-25_CB_RGB_DF2_M3_F3_2.0.mp4,fight
C_3_13_19_BU_DYB_10-13_14-57-16_CB_RGB_DF2_M4_1.0.mp4,fight
C_3_13_19_BU_SMA_09-27_13-09-34_CA_RGB_DF2_F3_2.0.mp4,fight
C_3_13_19_BU_SMB_09-01_14-48-55_CC_RGB_DF2_F3_2.0.mp4,fight
C_3_13_1_BU_DYA_08-28_11-26-41_CB_RGB_DF2_M1_1.0.mp4,fight
C_3_13_1_BU_DYA_08-28_11-26-41_CB_RGB_DF2_M1_2.0.mp4,fight
C_3_13_1_BU_DYA_08_20_13_41_07_CC_RGB_DF2_F1_1.0.mp4,fight
C_3_13_1_BU_DYB_10-16_15-15-14_CE_RGB_DF2_M1_3.0.mp4,fight
C_3_13_1_BU_DYB_10-16_15-15-14_CE_RGB_DF2_M1_5.0.mp4,fight
C_3_13_1_BU_DYB_10-16_15-15-14_CE_RGB_DF2_M1_7.0.mp4,fight
C_3_13_1_BU_SMA_08-28_14-30-28_CC_RGB_DF2_F1_1.0.mp4,fight
C_3_13_1_BU_SMA_08-28_14-30-28_CC_RGB_DF2_F1_2.0.mp4,fight
C_3_13_1_BU_SMA_08-28_14-30-28_CD_RGB_DF2_F1_2.0.mp4,fight
C_3_13_1_BU_SMA_08-28_14-30-29_CA_RGB_DF2_F1_2.0.mp4,fight
C_3_13_1_BU_SMB_08-28_16-39-00_CA_RGB_DF2_F1_3.0.mp4,fight
C_3_13_1_BU_SMB_08-28_16-39-00_CA_RGB_DF2_F1_4.0.mp4,fight
C_3_13_1_BU_SMB_08-28_16-39-00_CB_RGB_DF2_F1_2.0.mp4,fight
C_3_13_1_BU_SMB_08-28_16-39-00_CB_RGB_DF2_F1_4.0.mp4,fight
C_3_13_1_BU_SMB_08-28_16-39-01_CC_RGB_DF2_F1_2.0.mp4,fight
C_3_13_1_BU_SMB_08-28_16-39-01_CC_RGB_DF2_F1_5.0.mp4,fight
C_3_13_1_BU_SMB_08-30_17-05-00_CA_RGB_DF2_F1_1.0.mp4,fight
C_3_13_1_BU_SMB_08-30_17-05-00_CA_RGB_DF2_F1_3.0.mp4,fight
C_3_13_1_BU_SMB_08-30_17-05-01_CD_RGB_DF2_F1_1.0.mp4,fight
C_3_13_1_BU_SMB_08-30_17-05-01_CD_RGB_DF2_F1_2.0.mp4,fight
C_3_13_1_BU_SMC_08-07_13-46-24_CA_RGB_DF2_F1_1.0.mp4,fight
C_3_13_1_BU_SMC_08-07_13-46-24_CA_RGB_DF2_F1_2.0.mp4,fight
C_3_13_1_BU_SMC_08-07_13-46-24_CB_RGB_DF2_F1_1.0.mp4,fight
C_3_13_1_BU_SMC_08-07_13-46-24_CB_RGB_DF2_F1_2.0.mp4,fight
C_3_13_1_BU_SYA_09-17_14-52-53_CB_RGB_DF2_F1_1.0.mp4,fight
C_3_13_1_BU_SYA_09-17_14-52-53_CB_RGB_DF2_F1_3.0.mp4,fight
C_3_13_1_BU_SYA_09-17_14-52-53_CC_RGB_DF2_F1_1.0.mp4,fight
C_3_13_1_BU_SYA_09-17_14-52-53_CC_RGB_DF2_F1_3.0.mp4,fight
C_3_13_1_BU_SYA_09-17_14-52-53_CD_RGB_DF2_F1_1.0.mp4,fight
C_3_13_20_BU_SMA_09-27_13-11-09_CC_RGB_DF2_F3_1.0.mp4,fight
C_3_13_20_BU_SMA_09-27_13-11-09_CC_RGB_DF2_F3_2.0.mp4,fight
C_3_13_20_BU_SMB_09-01_14-54-56_CC_RGB_DF2_F3_1.0.mp4,fight
C_3_13_20_BU_SMB_09-01_14-54-56_CC_RGB_DF2_F3_2.0.mp4,fight
C_3_13_20_BU_SMB_09-01_14-54-56_CD_RGB_DF2_F3_1.0.mp4,fight
C_3_13_20_BU_SMB_09-01_14-54-56_CD_RGB_DF2_F3_2.0.mp4,fight
C_3_13_20_BU_SYA_10-06_14-52-47_CA_RGB_DF2_F3_1.0.mp4,fight
C_3_13_20_BU_SYA_10-06_14-52-47_CA_RGB_DF2_F3_2.0.mp4,fight
C_3_13_20_BU_SYA_10-06_14-52-47_CC_RGB_DF2_F3_1.0.mp4,fight
C_3_13_20_BU_SYA_10-06_14-52-47_CC_RGB_DF2_F3_2.0.mp4,fight
C_3_13_20_BU_SYB_10-04_15-10-55_CA_RGB_DF2_F3_1.0.mp4,fight
C_3_13_20_BU_SYB_10-04_15-10-55_CA_RGB_DF2_F3_2.0.mp4,fight
C_3_13_21_BU_DYA_08-12_15-01-25_CA_RGB_DF2_M4_1.0.mp4,fight
C_3_13_21_BU_DYB_10-13_15-02-22_CB_RGB_DF2_M4_1.0.mp4,fight
C_3_13_21_BU_DYB_10-13_15-02-22_CD_RGB_DF2_M4_1.0.mp4,fight
C_3_13_21_BU_SMA_09-27_13-12-39_CA_RGB_DF2_F3_2.0.mp4,fight
C_3_13_21_BU_SMA_09-27_13-12-39_CC_RGB_DF2_F3_2.0.mp4,fight
C_3_13_21_BU_SMA_09-27_13-12-39_CD_RGB_DF2_F3_2.0.mp4,fight
C_3_13_21_BU_SMB_09-01_14-57-20_CA_RGB_DF2_F3_2.0.mp4,fight
C_3_13_21_BU_SMB_09-01_14-57-20_CA_RGB_DF2_F3_3.0.mp4,fight
C_3_13_21_BU_SYA_10-06_14-54-18_CA_RGB_DF2_F3_2.0.mp4,fight
C_3_13_21_BU_SYA_10-06_14-54-18_CA_RGB_DF2_F3_3.0.mp4,fight
C_3_13_21_BU_SYA_10-06_14-54-18_CC_RGB_DF2_F3_2.0.mp4,fight
C_3_13_21_BU_SYB_10-04_15-12-19_CB_RGB_DF2_F3_2.0.mp4,fight
C_3_13_21_BU_SYB_10-04_15-12-19_CB_RGB_DF2_F3_3.0.mp4,fight
C_3_13_21_BU_SYB_10-04_15-12-19_CD_RGB_DF2_F3_1.0.mp4,fight
C_3_13_21_BU_SYB_10-04_15-12-19_CD_RGB_DF2_F3_2.0.mp4,fight
C_3_13_22_BU_DYB_10-13_15-04-12_CE_RGB_DF2_F4_4.0.mp4,fight
C_3_13_22_BU_SMA_09-27_13-15-07_CA_RGB_DF2_F3_2.0.mp4,fight
C_3_13_22_BU_SMA_09-27_13-15-07_CA_RGB_DF2_F3_3.0.mp4,fight
C_3_13_22_BU_SMB_09-01_14-46-05_CB_RGB_DF2_F3_1.0.mp4,fight
C_3_13_22_BU_SMB_09-01_14-46-05_CB_RGB_DF2_F3_2.0.mp4,fight
C_3_13_22_BU_SYA_10-06_14-55-33_CC_RGB_DF2_F3_2.0.mp4,fight
C_3_13_23_BU_DYB_10-13_15-07-38_CA_RGB_DF2_F4_1.0.mp4,fight
C_3_13_23_BU_DYB_10-13_15-07-38_CB_RGB_DF2_F4_1.0.mp4,fight
C_3_13_23_BU_DYB_10-13_15-07-38_CC_RGB_DF2_F4_1.0.mp4,fight
C_3_13_23_BU_DYB_10-13_15-07-38_CD_RGB_DF2_F4_2.0.mp4,fight
C_3_13_23_BU_DYB_10-13_15-07-38_CE_RGB_DF2_F4_1.0.mp4,fight
C_3_13_23_BU_SMB_09-02_14-59-54_CB_RGB_DF2_F3_1.0.mp4,fight
C_3_13_23_BU_SMB_09-02_14-59-54_CB_RGB_DF2_F3_2.0.mp4,fight
C_3_13_23_BU_SMB_09-02_14-59-54_CC_RGB_DF2_F3_1.0.mp4,fight
C_3_13_23_BU_SYA_10-06_14-56-55_CA_RGB_DF2_F3_2.0.mp4,fight
C_3_13_23_BU_SYB_10-04_15-15-22_CB_RGB_DF2_F3_1.0.mp4,fight
C_3_13_23_BU_SYB_10-04_15-15-22_CB_RGB_DF2_F3_2.0.mp4,fight
C_3_13_23_BU_SYB_10-04_15-15-22_CD_RGB_DF2_F3_2.0.mp4,fight
C_3_13_23_BU_SYB_10-04_15-15-22_CD_RGB_DF2_F3_5.0.mp4,fight
C_3_13_24_BU_SMA_09-27_13-19-37_CA_RGB_DF2_F3_1.0.mp4,fight
C_3_13_24_BU_SMA_09-27_13-19-37_CA_RGB_DF2_F3_3.0.mp4,fight
C_3_13_24_BU_SMB_09-01_15-01-51_CA_RGB_DF2_F3_1.0.mp4,fight
C_3_13_24_BU_SMB_09-01_15-01-51_CA_RGB_DF2_F3_2.0.mp4,fight
C_3_13_24_BU_SMB_09-01_15-01-52_CC_RGB_DF2_F3_1.0.mp4,fight
C_3_13_24_BU_SMB_09-01_15-01-52_CC_RGB_DF2_F3_2.0.mp4,fight
C_3_13_24_BU_SMB_09-01_15-01-52_CD_RGB_DF2_F3_2.0.mp4,fight
C_3_13_24_BU_SYB_10-04_15-16-40_CA_RGB_DF2_F3_1.0.mp4,fight
C_3_13_24_BU_SYB_10-04_15-16-40_CA_RGB_DF2_F3_2.0.mp4,fight
C_3_13_24_BU_SYB_10-04_15-16-40_CC_RGB_DF2_F3_1.0.mp4,fight
C_3_13_24_BU_SYB_10-04_15-16-40_CC_RGB_DF2_F3_2.0.mp4,fight
C_3_13_25_BU_SYB_10-04_15-18-01_CB_RGB_DF2_M3_1.0.mp4,fight
C_3_13_25_BU_SYB_10-04_15-18-01_CB_RGB_DF2_M3_2.0.mp4,fight
C_3_13_26_BU_DYA_08_20_14-59-16_CD_RGB_DF2_F1_1.0.mp4,fight
C_3_13_26_BU_DYA_08_20_14-59-16_CD_RGB_DF2_F1_2.0.mp4,fight
C_3_13_26_BU_SMC_08-07_16-45-30_CD_RGB_DF2_F1_1.0.mp4,fight
C_3_13_26_BU_SMC_08-07_16-45-30_CD_RGB_DF2_F1_2.0.mp4,fight
C_3_13_26_BU_SYB_10-04_15-21-17_CA_RGB_DF2_M3_1.0.mp4,fight
C_3_13_26_BU_SYB_10-04_15-21-17_CA_RGB_DF2_M3_2.0.mp4,fight
C_3_13_26_BU_SYB_10-04_15-21-17_CC_RGB_DF2_M3_1.0.mp4,fight
C_3_13_26_BU_SYB_10-04_15-21-17_CC_RGB_DF2_M3_2.0.mp4,fight
C_3_13_27_BU_SMA_09-27_13-30-34_CC_RGB_DF2_M3_1.0.mp4,fight
C_3_13_27_BU_SMA_09-27_13-30-34_CC_RGB_DF2_M3_2.0.mp4,fight
C_3_13_27_BU_SMC_08-07_16-49-42_CD_RGB_DF2_F1_1.0.mp4,fight
C_3_13_27_BU_SMC_08-07_16-49-42_CD_RGB_DF2_F1_2.0.mp4,fight
C_3_13_27_BU_SYA_10-06_15-06-02_CA_RGB_DF2_M3_2.0.mp4,fight
C_3_13_27_BU_SYB_10-04_15-22-42_CD_RGB_DF2_M3_3.0.mp4,fight
C_3_13_28_BU_DYA_08_20_14-53-00_CE_RGB_DF2_M1_1.0.mp4,fight
C_3_13_28_BU_DYA_08_20_14-53-00_CE_RGB_DF2_M1_3.0.mp4,fight
C_3_13_28_BU_SMA_09-27_13-26-41_CB_RGB_DF2_M3_1.0.mp4,fight
C_3_13_28_BU_SMB_09-01_15-10-22_CD_RGB_DF2_M3_2.0.mp4,fight
C_3_13_29_BU_SMA_09-27_13-28-04_CA_RGB_DF2_M3_1.0.mp4,fight
C_3_13_29_BU_SMA_09-27_13-28-04_CA_RGB_DF2_M3_3.0.mp4,fight
C_3_13_29_BU_SMA_09-27_13-28-04_CB_RGB_DF2_M3_1.0.mp4,fight
C_3_13_29_BU_SMA_09-27_13-28-04_CB_RGB_DF2_M3_4.0.mp4,fight
C_3_13_29_BU_SMC_08-07_16-54-36_CE_RGB_DF2_M1_1.0.mp4,fight
C_3_13_29_BU_SMC_08-07_16-54-36_CE_RGB_DF2_M1_2.0.mp4,fight
C_3_13_29_BU_SMC_08-07_16-54-36_CF_RGB_DF2_M1_1.0.mp4,fight
C_3_13_29_BU_SMC_08-07_16-54-36_CF_RGB_DF2_M1_2.0.mp4,fight
C_3_13_29_BU_SYA_10-06_15-10-36_CB_RGB_DF2_M3_1.0.mp4,fight
C_3_13_29_BU_SYA_10-06_15-10-36_CB_RGB_DF2_M3_3.0.mp4,fight
C_3_13_29_BU_SYB_10-04_15-25-22_CD_RGB_DF2_M3_1.0.mp4,fight
C_3_13_2_BU_DYA_08-20_13-44-42_CC_RGB_DF2_F1_1.0.mp4,fight
C_3_13_2_BU_DYA_08-28_11-29-05_CA_RGB_DF2_M1_1.0.mp4,fight
C_3_13_2_BU_DYA_08-28_11-29-05_CA_RGB_DF2_M1_2.0.mp4,fight
C_3_13_2_BU_DYA_08-28_11-29-05_CB_RGB_DF2_M1_1.0.mp4,fight
C_3_13_2_BU_DYA_08-28_11-29-05_CB_RGB_DF2_M1_2.0.mp4,fight
C_3_13_2_BU_DYA_08-28_11-29-05_CD_RGB_DF2_M1_1.0.mp4,fight
C_3_13_2_BU_DYA_08-28_11-29-05_CD_RGB_DF2_M1_2.0.mp4,fight
C_3_13_2_BU_DYB_10-16_15-17-01_CD_RGB_DF2_M1_1.0.mp4,fight
C_3_13_2_BU_SMA_08-28_14-32-08_CD_RGB_DF2_F1_1.0.mp4,fight
C_3_13_2_BU_SMA_08-28_14-32-08_CD_RGB_DF2_F1_2.0.mp4,fight
C_3_13_2_BU_SMA_08-28_14-32-09_CA_RGB_DF2_F1_1.0.mp4,fight
C_3_13_2_BU_SMA_08-28_14-32-09_CA_RGB_DF2_F1_2.0.mp4,fight
C_3_13_2_BU_SMA_08-28_14-32-09_CB_RGB_DF2_F1_1.0.mp4,fight
C_3_13_2_BU_SMA_08-28_14-32-09_CB_RGB_DF2_F1_2.0.mp4,fight
C_3_13_2_BU_SMA_08-30_14-55-56_CA_RGB_DF2_F1_1.0.mp4,fight
C_3_13_2_BU_SMA_08-30_14-55-56_CA_RGB_DF2_F1_3.0.mp4,fight
C_3_13_2_BU_SMB_08-28_16-41-25_CA_RGB_DF2_F1_1.0.mp4,fight
C_3_13_2_BU_SMB_08-28_16-41-25_CA_RGB_DF2_F1_3.0.mp4,fight
C_3_13_2_BU_SMB_08-28_16-41-25_CB_RGB_DF2_F1_1.0.mp4,fight
C_3_13_2_BU_SMB_08-28_16-41-25_CB_RGB_DF2_F1_2.0.mp4,fight
C_3_13_2_BU_SMB_08-30_17-06-31_CA_RGB_DF2_F1_2.0.mp4,fight
C_3_13_2_BU_SMB_08-30_17-06-31_CA_RGB_DF2_F1_3.0.mp4,fight
C_3_13_2_BU_SMB_08-30_17-06-32_CD_RGB_DF2_F1_1.0.mp4,fight
C_3_13_2_BU_SMB_08-30_17-06-32_CD_RGB_DF2_F1_3.0.mp4,fight
C_3_13_2_BU_SMC_08-07_13-52-44_CC_RGB_DF2_F1_1.0.mp4,fight
C_3_13_2_BU_SMC_08-07_13-52-44_CC_RGB_DF2_F1_2.0.mp4,fight
C_3_13_2_BU_SYA_09-17_14-54-20_CA_RGB_DF2_F1_1.0.mp4,fight
C_3_13_2_BU_SYA_09-17_14-54-20_CB_RGB_DF2_F1_2.0.mp4,fight
C_3_13_2_BU_SYA_09-17_14-54-20_CB_RGB_DF2_F1_3.0.mp4,fight
C_3_13_2_BU_SYA_09-17_14-54-20_CD_RGB_DF2_F1_1.0.mp4,fight
C_3_13_2_BU_SYA_09-17_14-54-20_CD_RGB_DF2_F1_2.0.mp4,fight
C_3_13_2_BU_SYB_09-17_12-10-48_CA_RGB_DF2_F1_2.0.mp4,fight
C_3_13_2_BU_SYB_09-17_12-10-48_CA_RGB_DF2_F1_3.0.mp4,fight
C_3_13_2_BU_SYB_09-17_12-10-48_CB_RGB_DF2_F1_1.0.mp4,fight
C_3_13_2_BU_SYB_09-17_12-10-48_CB_RGB_DF2_F1_2.0.mp4,fight
C_3_13_2_BU_SYB_09-17_12-10-48_CC_RGB_DF2_F1_2.0.mp4,fight
C_3_13_2_BU_SYB_09-17_12-10-48_CC_RGB_DF2_F1_3.0.mp4,fight
C_3_13_30_BU_DYA_08_20_14-56-57_CD_RGB_DF2_M1_1.0.mp4,fight
C_3_13_30_BU_DYA_08_20_14-56-57_CD_RGB_DF2_M1_3.0.mp4,fight
C_3_13_30_BU_DYA_08_20_14-56-57_CE_RGB_DF2_M1_1.0.mp4,fight
C_3_13_30_BU_SMA_09-27_13-31-59_CA_RGB_DF2_M3_1.0.mp4,fight
C_3_13_30_BU_SMA_09-27_13-31-59_CA_RGB_DF2_M3_2.0.mp4,fight
C_3_13_30_BU_SMA_09-27_13-31-59_CC_RGB_DF2_M3_1.0.mp4,fight
C_3_13_30_BU_SMA_09-27_13-31-59_CC_RGB_DF2_M3_2.0.mp4,fight
C_3_13_30_BU_SMA_09-27_13-31-59_CD_RGB_DF2_M3_2.0.mp4,fight
C_3_13_30_BU_SMA_09-27_13-31-59_CD_RGB_DF2_M3_3.0.mp4,fight
C_3_13_30_BU_SMB_09-01_15-13-47_CB_RGB_DF2_M3_1.0.mp4,fight
C_3_13_30_BU_SMB_09-01_15-13-47_CB_RGB_DF2_M3_2.0.mp4,fight
C_3_13_30_BU_SMC_08-07_16-57-28_CE_RGB_DF2_M1_2.0.mp4,fight
C_3_13_30_BU_SYA_10-06_15-11-55_CA_RGB_DF2_M3_1.0.mp4,fight
C_3_13_30_BU_SYA_10-06_15-11-55_CA_RGB_DF2_M3_2.0.mp4,fight
C_3_13_30_BU_SYB_10-04_15-26-41_CA_RGB_DF2_M3_1.0.mp4,fight
C_3_13_30_BU_SYB_10-04_15-26-41_CA_RGB_DF2_M3_2.0.mp4,fight
C_3_13_31_BU_DYA_08-23_17-09-14_CF_RGB_DF2_F2_M2_2.0.mp4,fight
C_3_13_31_BU_SMA_09-05_15-48-20_CC_RGB_DF2_F4_2.0.mp4,fight
C_3_13_31_BU_SMB_09-05_14-08-01_CC_RGB_DF2_F4_1.0.mp4,fight
C_3_13_31_BU_SMB_09-05_14-08-01_CC_RGB_DF2_F4_2.0.mp4,fight
C_3_13_31_BU_SMB_09-05_14-08-04_CB_RGB_DF2_F4_1.0.mp4,fight
C_3_13_31_BU_SMB_09-05_14-08-04_CB_RGB_DF2_F4_2.0.mp4,fight
C_3_13_3_BU_DYA_08-28_11-33-04_CB_RGB_DF2_F1_1.0.mp4,fight
C_3_13_3_BU_DYA_08-28_11-33-04_CB_RGB_DF2_F1_2.0.mp4,fight
C_3_13_3_BU_DYA_08-28_11-33-04_CC_RGB_DF2_F1_1.0.mp4,fight
C_3_13_3_BU_DYA_08-28_11-33-04_CC_RGB_DF2_F1_2.0.mp4,fight
C_3_13_3_BU_DYA_08_20_13-50-18_CB_RGB_DF2_F1_1.0.mp4,fight
C_3_13_3_BU_DYA_08_20_13-50-18_CC_RGB_DF2_F1_2.0.mp4,fight
C_3_13_3_BU_DYA_08_20_13-50-18_CC_RGB_DF2_F1_4.0.mp4,fight
C_3_13_3_BU_DYB_10-16_15-19-21_CA_RGB_DF2_M1_3.0.mp4,fight
C_3_13_3_BU_SMA_08-28_14-34-13_CC_RGB_DF2_F1_1.0.mp4,fight
C_3_13_3_BU_SMA_08-28_14-34-13_CC_RGB_DF2_F1_2.0.mp4,fight
C_3_13_3_BU_SMA_08-28_14-34-13_CD_RGB_DF2_F1_1.0.mp4,fight
C_3_13_3_BU_SMA_08-28_14-34-13_CD_RGB_DF2_F1_2.0.mp4,fight
C_3_13_3_BU_SMA_08-28_14-34-14_CA_RGB_DF2_F1_1.0.mp4,fight
C_3_13_3_BU_SMA_08-28_14-34-14_CA_RGB_DF2_F1_2.0.mp4,fight
C_3_13_3_BU_SMA_08-30_14-58-01_CA_RGB_DF2_F1_1.0.mp4,fight
C_3_13_3_BU_SMA_08-30_14-58-01_CA_RGB_DF2_F1_2.0.mp4,fight
C_3_13_3_BU_SMA_08-30_14-58-01_CB_RGB_DF2_F1_1.0.mp4,fight
C_3_13_3_BU_SMA_08-30_14-58-01_CB_RGB_DF2_F1_3.0.mp4,fight
C_3_13_3_BU_SMA_08-30_14-58-01_CC_RGB_DF2_F1_2.0.mp4,fight
C_3_13_3_BU_SMB_08-28_16-43-02_CB_RGB_DF2_F1_1.0.mp4,fight
C_3_13_3_BU_SMB_08-28_16-43-02_CB_RGB_DF2_F1_2.0.mp4,fight
C_3_13_3_BU_SMB_08-28_16-43-03_CC_RGB_DF2_F1_1.0.mp4,fight
C_3_13_3_BU_SMB_08-28_16-43-03_CC_RGB_DF2_F1_2.0.mp4,fight
C_3_13_3_BU_SMB_08-28_16-43-03_CD_RGB_DF2_F1_1.0.mp4,fight
C_3_13_3_BU_SMB_08-28_16-43-03_CD_RGB_DF2_F1_2.0.mp4,fight
C_3_13_3_BU_SMB_08-30_17-09-12_CA_RGB_DF2_F1_2.0.mp4,fight
C_3_13_3_BU_SMB_08-30_17-09-12_CA_RGB_DF2_F1_3.0.mp4,fight
C_3_13_3_BU_SMB_08-30_17-09-12_CB_RGB_DF2_F1_2.0.mp4,fight
C_3_13_3_BU_SMB_08-30_17-09-12_CB_RGB_DF2_F1_4.0.mp4,fight
C_3_13_3_BU_SMC_08-07_13-54-17_CA_RGB_DF2_F1_1.0.mp4,fight
C_3_13_3_BU_SMC_08-07_13-54-17_CA_RGB_DF2_F1_2.0.mp4,fight
C_3_13_3_BU_SYA_09-17_14-56-23_CA_RGB_DF2_F1_1.0.mp4,fight
C_3_13_3_BU_SYA_09-17_14-56-23_CA_RGB_DF2_F1_2.0.mp4,fight
C_3_13_3_BU_SYA_09-17_14-56-23_CD_RGB_DF2_F1_1.0.mp4,fight
C_3_13_4_BU_DYA_08-28_11-34-41_CA_RGB_DF2_F1_2.0.mp4,fight
C_3_13_4_BU_DYA_08-28_11-34-41_CA_RGB_DF2_F1_3.0.mp4,fight
C_3_13_4_BU_DYA_08-28_11-34-41_CB_RGB_DF2_F1_1.0.mp4,fight
C_3_13_4_BU_DYA_08-28_11-34-41_CB_RGB_DF2_F1_2.0.mp4,fight
C_3_13_4_BU_DYA_08-28_11-34-41_CB_RGB_DF2_F1_4.0.mp4,fight
C_3_13_4_BU_DYA_08-28_11-34-41_CC_RGB_DF2_F1_2.0.mp4,fight
C_3_13_4_BU_DYA_08-28_11-34-41_CC_RGB_DF2_F1_4.0.mp4,fight
C_3_13_4_BU_DYA_08_20_13-52-57_CC_RGB_DF2_M1_1.0.mp4,fight
C_3_13_4_BU_DYB_10-16_15-06-05_CB_RGB_DF2_F1_1.0.mp4,fight
C_3_13_4_BU_DYB_10-16_15-06-05_CD_RGB_DF2_F1_1.0.mp4,fight
C_3_13_4_BU_SMA_08-28_14-36-24_CA_RGB_DF2_M1_1.0.mp4,fight
C_3_13_4_BU_SMA_08-28_14-36-24_CA_RGB_DF2_M1_2.0.mp4,fight
C_3_13_4_BU_SMA_08-30_14-59-41_CC_RGB_DF2_M1_2.0.mp4,fight
C_3_13_4_BU_SMB_08-28_16-44-48_CD_RGB_DF2_M1_1.0.mp4,fight
C_3_13_4_BU_SMB_08-28_16-44-48_CD_RGB_DF2_M1_2.0.mp4,fight
C_3_13_4_BU_SMB_08-30_17-10-46_CA_RGB_DF2_M1_1.0.mp4,fight
C_3_13_4_BU_SMB_08-30_17-10-46_CA_RGB_DF2_M1_2.0.mp4,fight
C_3_13_4_BU_SYA_09-17_14-57-53_CB_RGB_DF2_M1_1.0.mp4,fight
C_3_13_4_BU_SYA_09-17_14-57-53_CB_RGB_DF2_M1_3.0.mp4,fight
C_3_13_4_BU_SYB_09-17_12-14-01_CB_RGB_DF2_M1_2.0.mp4,fight
C_3_13_4_BU_SYB_09-17_12-14-01_CB_RGB_DF2_M1_4.0.mp4,fight
C_3_13_4_BU_SYB_09-17_12-14-01_CB_RGB_DF2_M1_5.0.mp4,fight
C_3_13_4_BU_SYB_09-17_12-14-01_CC_RGB_DF2_M1_2.0.mp4,fight
C_3_13_4_BU_SYB_09-17_12-14-01_CC_RGB_DF2_M1_4.0.mp4,fight
C_3_13_4_BU_SYB_09-17_12-14-01_CC_RGB_DF2_M1_5.0.mp4,fight
C_3_13_5_BU_DYA_08-20_13-55-57_CC_RGB_DF2_M1_1.0.mp4,fight
C_3_13_5_BU_DYA_08-20_13-55-57_CC_RGB_DF2_M1_4.0.mp4,fight
C_3_13_5_BU_SMA_08-28_14-38-00_CA_RGB_DF2_M1_2.0.mp4,fight
C_3_13_5_BU_SMA_08-28_14-38-00_CA_RGB_DF2_M1_3.0.mp4,fight
C_3_13_5_BU_SMA_08-30_15-01-09_CC_RGB_DF2_M1_1.0.mp4,fight
C_3_13_5_BU_SMA_08-30_15-01-09_CC_RGB_DF2_M1_4.0.mp4,fight
C_3_13_5_BU_SMA_08-30_15-01-09_CD_RGB_DF2_M1_2.0.mp4,fight
C_3_13_5_BU_SMA_08-30_15-01-09_CD_RGB_DF2_M1_3.0.mp4,fight
C_3_13_5_BU_SMB_08-28_16-46-15_CC_RGB_DF2_M1_2.0.mp4,fight
C_3_13_5_BU_SMB_08-28_16-46-15_CC_RGB_DF2_M1_4.0.mp4,fight
C_3_13_5_BU_SMB_08-28_16-46-15_CD_RGB_DF2_M1_2.0.mp4,fight
C_3_13_5_BU_SMB_08-28_16-46-15_CD_RGB_DF2_M1_3.0.mp4,fight
C_3_13_5_BU_SMB_08-28_16-46-15_CD_RGB_DF2_M1_6.0.mp4,fight
C_3_13_5_BU_SMB_08-30_17-12-15_CA_RGB_DF2_M1_1.0.mp4,fight
C_3_13_5_BU_SMB_08-30_17-12-15_CA_RGB_DF2_M1_3.0.mp4,fight
C_3_13_5_BU_SMB_08-30_17-12-15_CB_RGB_DF2_M1_2.0.mp4,fight
C_3_13_5_BU_SMB_08-30_17-12-16_CC_RGB_DF2_M1_1.0.mp4,fight
C_3_13_5_BU_SMB_08-30_17-12-16_CC_RGB_DF2_M1_3.0.mp4,fight
C_3_13_5_BU_SMB_08-30_17-12-16_CD_RGB_DF2_M1_1.0.mp4,fight
C_3_13_5_BU_SMB_08-30_17-12-16_CD_RGB_DF2_M1_2.0.mp4,fight
C_3_13_5_BU_SMC_08-07_13-57-09_CC_RGB_DF2_M1_1.0.mp4,fight
C_3_13_5_BU_SMC_08-07_13-57-09_CC_RGB_DF2_M1_2.0.mp4,fight
C_3_13_5_BU_SYA_09-17_14-59-27_CA_RGB_DF2_M1_2.0.mp4,fight
C_3_13_5_BU_SYA_09-17_14-59-27_CA_RGB_DF2_M1_3.0.mp4,fight
C_3_13_6_BU_DYA_08_20_13-57-47_CC_RGB_DF2_M1_1.0.mp4,fight
C_3_13_6_BU_DYA_08_20_13-57-47_CC_RGB_DF2_M1_4.0.mp4,fight
C_3_13_6_BU_SMA_08-28_14-39-52_CA_RGB_DF2_M1_1.0.mp4,fight
C_3_13_6_BU_SMA_08-28_14-39-52_CA_RGB_DF2_M1_2.0.mp4,fight
C_3_13_6_BU_SMA_08-28_14-39-52_CD_RGB_DF2_M1_1.0.mp4,fight
C_3_13_6_BU_SMA_08-28_14-39-52_CD_RGB_DF2_M1_2.0.mp4,fight
C_3_13_6_BU_SMA_08-28_14-39-53_CB_RGB_DF2_M1_2.0.mp4,fight
C_3_13_6_BU_SMA_08-28_14-39-53_CB_RGB_DF2_M1_4.0.mp4,fight
C_3_13_6_BU_SMA_08-30_15-02-43_CC_RGB_DF2_M1_1.0.mp4,fight
C_3_13_6_BU_SMA_08-30_15-02-43_CC_RGB_DF2_M1_2.0.mp4,fight
C_3_13_6_BU_SMB_08-28_16-48-13_CA_RGB_DF2_M1_1.0.mp4,fight
C_3_13_6_BU_SMB_08-30_17-15-56_CB_RGB_DF2_M1_1.0.mp4,fight
C_3_13_6_BU_SMB_08-30_17-15-56_CB_RGB_DF2_M1_2.0.mp4,fight
C_3_13_6_BU_SMB_08-30_17-15-56_CC_RGB_DF2_M1_1.0.mp4,fight
C_3_13_6_BU_SMB_08-30_17-15-56_CC_RGB_DF2_M1_2.0.mp4,fight
C_3_13_6_BU_SYA_09-17_15-00-59_CC_RGB_DF2_M1_2.0.mp4,fight
C_3_13_6_BU_SYB_09-17_12-18-46_CD_RGB_DF2_M1_1.0.mp4,fight
C_3_13_6_BU_SYB_09-17_12-18-46_CD_RGB_DF2_M1_2.0.mp4,fight
C_3_13_7_BU_DYB_10-17_11-26-19_CE_RGB_DF2_M2_4.0.mp4,fight
C_3_13_7_BU_SMA_09-20_11-16-40_CB_RGB_DF2_F2_1.0.mp4,fight
C_3_13_7_BU_SMA_09-20_11-16-40_CB_RGB_DF2_F2_3.0.mp4,fight
C_3_13_7_BU_SYB_09-28_15-38-01_CD_RGB_DF2_F2_1.0.mp4,fight
C_3_13_7_BU_SYB_09-28_15-38-01_CD_RGB_DF2_F2_2.0.mp4,fight
C_3_13_8_BU_DYA_08-23_14-19-38_CB_RGB_DF2_F2_2.0.mp4,fight
C_3_13_8_BU_DYA_08-23_14-19-38_CC_RGB_DF2_F2_1.0.mp4,fight
C_3_13_8_BU_DYA_08-23_14-19-38_CC_RGB_DF2_F2_2.0.mp4,fight
C_3_13_8_BU_DYB_10-17_11-29-21_CB_RGB_DF2_M2_1.0.mp4,fight
C_3_13_8_BU_DYB_10-17_11-29-21_CD_RGB_DF2_M2_1.0.mp4,fight
C_3_13_8_BU_DYB_10-17_11-29-21_CD_RGB_DF2_M2_6.0.mp4,fight
C_3_13_8_BU_DYB_10-17_11-29-21_CE_RGB_DF2_M2_1.0.mp4,fight
C_3_13_8_BU_DYB_10-17_11-29-21_CE_RGB_DF2_M2_4.0.mp4,fight
C_3_13_8_BU_SMA_09-20_11-19-05_CA_RGB_DF2_F2_1.0.mp4,fight
C_3_13_8_BU_SMA_09-20_11-19-05_CA_RGB_DF2_F2_2.0.mp4,fight
C_3_13_8_BU_SYB_09-28_15-39-29_CA_RGB_DF2_F2_1.0.mp4,fight
C_3_13_8_BU_SYB_09-28_15-39-29_CA_RGB_DF2_F2_3.0.mp4,fight
C_3_13_9_BU_DYA_08-23_14-21-57_CC_RGB_DF2_F2_1.0.mp4,fight
C_3_13_9_BU_DYA_08-23_14-21-57_CC_RGB_DF2_F2_2.0.mp4,fight
C_3_13_9_BU_SMB_09-01_15-21-18_CB_RGB_DF2_F2_1.0.mp4,fight
C_3_13_9_BU_SMB_09-01_15-21-18_CB_RGB_DF2_F2_2.0.mp4,fight
C_3_13_9_BU_SYB_09-28_15-41-01_CC_RGB_DF2_F2_1.0.mp4,fight
C_3_13_9_BU_SYB_09-28_15-41-01_CC_RGB_DF2_F2_2.0.mp4,fight
C_3_13_9_BU_SYB_09-28_15-41-01_CD_RGB_DF2_F2_1.0.mp4,fight
C_3_13_9_BU_SYB_09-28_15-41-01_CD_RGB_DF2_F2_2.0.mp4,fight
C_1_1_74_BU_DYA_07-15_13-50-15_b_DF1_M2_M2_14.0.mp4,move
C_1_1_74_BU_DYA_07-15_13-50-15_d_DF1_M2_M2_4.0.mp4,move
C_1_1_74_BU_DYA_07-15_13-50-15_e_DF1_M2_M2_2.0.mp4,move
C_1_1_74_BU_DYA_07-15_13-50-15_e_DF1_M2_M2_3.0.mp4,move
C_1_1_74_BU_DYB_10-14_14-07-28_CA_DF1_F3_M3_2.0.mp4,move
C_1_1_74_BU_DYB_10-14_14-07-28_CB_DF1_F3_M3_3.0.mp4,move
C_1_1_74_BU_DYB_10-14_14-07-28_CD_DF1_F3_M3_4.0.mp4,move
C_1_1_74_BU_DYB_10-14_14-07-28_CE_DF1_F3_M3_2.0.mp4,move
C_1_1_74_BU_DYB_10-14_14-07-28_CF_DF1_F3_M3_1.0.mp4,move
C_1_1_74_BU_DYB_10-14_14-07-28_CF_DF1_F3_M3_3.0.mp4,move
C_1_1_75_BU_DYA_07-18_14-22-59_b_DF1_M2_F2_12.0.mp4,move
C_1_1_75_BU_DYA_07-18_14-22-59_c_DF1_M2_F2_2.0.mp4,move
C_1_1_75_BU_DYA_07-18_14-22-59_c_DF1_M2_F2_3.0.mp4,move
C_1_1_75_BU_DYA_07-18_14-22-59_f_DF1_M2_F2_1.0.mp4,move
C_1_1_75_BU_DYA_07-18_14-22-59_f_DF1_M2_F2_5.0.mp4,move
C_1_1_75_BU_DYA_07-18_14-22-59_f_DF1_M2_F2_7.0.mp4,move
C_1_1_75_BU_DYB_10-23_12-21-13_CD_DF1_F3_M3_2.0.mp4,move
C_1_1_75_BU_DYB_10-23_12-21-13_CD_DF1_F3_M3_3.0.mp4,move
C_1_1_75_BU_DYB_10-23_12-21-13_CD_DF1_F3_M3_6.0.mp4,move
C_1_1_76_BU_DYA_07-18_14-37-53_b_DF1_F2_M2_15.0.mp4,move
C_1_1_76_BU_DYA_07-18_14-37-53_b_DF1_F2_M2_17.0.mp4,move
C_1_1_76_BU_DYA_07-18_14-37-53_c_DF1_F2_M2_4.0.mp4,move
C_1_1_76_BU_DYA_07-18_14-37-53_c_DF1_F2_M2_5.0.mp4,move
C_1_1_76_BU_DYA_07-18_14-37-53_d_DF1_F2_M2_2.0.mp4,move
C_1_1_76_BU_DYA_07-18_14-37-53_f_DF1_F2_M2_3.0.mp4,move
C_1_1_76_BU_DYA_07-18_14-37-53_f_DF1_F2_M2_7.0.mp4,move
C_1_1_76_BU_DYB_10-23_12-28-10_CA_DF1_F3_M3_6.0.mp4,move
C_1_1_76_BU_DYB_10-23_12-28-10_CB_DF1_F3_M3_3.0.mp4,move
C_1_1_76_BU_DYB_10-23_12-28-10_CC_DF1_F3_M3_5.0.mp4,move
C_1_1_76_BU_DYB_10-23_12-28-10_CD_DF1_F3_M3_2.0.mp4,move
C_1_1_76_BU_DYB_10-23_12-28-10_CD_DF1_F3_M3_6.0.mp4,move
C_1_1_77_BU_DYA_07-18_14-47-22_a_DF1_F2_F2_3.0.mp4,move
C_1_1_77_BU_DYA_07-18_14-47-22_b_DF1_F2_F2_12.0.mp4,move
C_1_1_77_BU_DYA_07-18_14-47-22_c_DF1_F2_F2_4.0.mp4,move
C_1_1_77_BU_DYA_07-18_14-47-22_d_DF1_F2_F2_6.0.mp4,move
C_1_1_77_BU_DYA_07-18_14-47-22_e_DF1_F2_F2_1.0.mp4,move
C_1_1_77_BU_DYA_07-18_14-47-22_e_DF1_F2_F2_5.0.mp4,move
C_1_1_77_BU_DYA_07-18_14-47-22_f_DF1_F2_F2_1.0.mp4,move
C_1_1_77_BU_DYA_07-18_14-47-22_f_DF1_F2_F2_2.0.mp4,move
C_1_1_78_BU_DYA_07-18_14-53-44_a_DF1_F2_M2_1.0.mp4,move
C_1_1_78_BU_DYA_07-18_14-53-44_a_DF1_F2_M2_6.0.mp4,move
C_1_1_78_BU_DYA_07-18_14-53-44_b_DF1_F2_M2_14.0.mp4,move
C_1_1_78_BU_DYA_07-18_14-53-44_b_DF1_F2_M2_16.0.mp4,move
C_1_1_78_BU_DYA_07-18_14-53-44_c_DF1_F2_M2_4.0.mp4,move
C_1_1_78_BU_DYA_07-18_14-53-44_d_DF1_F2_M2_3.0.mp4,move
C_1_1_78_BU_DYA_07-18_14-53-44_f_DF1_F2_M2_1.0.mp4,move
C_1_1_78_BU_DYB_10-19_10-40-10_CA_DF1_M4_M4_1.0.mp4,move
C_1_1_78_BU_DYB_10-19_10-40-10_CA_DF1_M4_M4_4.0.mp4,move
C_1_1_78_BU_DYB_10-19_10-40-10_CB_DF1_M4_M4_2.0.mp4,move
C_1_1_78_BU_DYB_10-19_10-40-10_CC_DF1_M4_M4_2.0.mp4,move
C_1_1_78_BU_DYB_10-19_10-40-10_CD_DF1_M4_M4_4.0.mp4,move
C_1_1_78_BU_DYB_10-19_10-40-10_CD_DF1_M4_M4_6.0.mp4,move
C_1_1_78_BU_DYB_10-19_10-40-10_CE_DF1_M4_M4_2.0.mp4,move
C_1_1_78_BU_DYB_10-19_10-40-10_CE_DF1_M4_M4_5.0.mp4,move
C_1_1_78_BU_DYB_10-19_10-40-10_CF_DF1_M4_M4_2.0.mp4,move
C_1_1_79_BU_DYA_07-18_15-00-43_a_DF1_F2_M2_4.0.mp4,move
C_1_1_79_BU_DYA_07-18_15-00-43_b_DF1_F2_M2_9.0.mp4,move
C_1_1_79_BU_DYA_07-18_15-00-43_c_DF1_F2_M2_3.0.mp4,move
C_1_1_79_BU_DYA_07-18_15-00-43_d_DF1_F2_M2_3.0.mp4,move
C_1_1_79_BU_DYA_07-18_15-00-43_e_DF1_F2_M2_1.0.mp4,move
C_1_1_79_BU_DYA_07-18_15-00-43_e_DF1_F2_M2_5.0.mp4,move
C_1_1_79_BU_DYA_07-18_15-00-43_e_DF1_F2_M2_8.0.mp4,move
C_1_1_79_BU_DYA_07-18_15-00-43_f_DF1_F2_M2_1.0.mp4,move
C_1_1_79_BU_DYA_07-18_15-00-43_f_DF1_F2_M2_6.0.mp4,move
C_1_1_79_BU_DYB_10-19_10-49-46_CA_DF1_M4_M4_2.0.mp4,move
C_1_1_79_BU_DYB_10-19_10-49-46_CB_DF1_M4_M4_3.0.mp4,move
C_1_1_79_BU_DYB_10-19_10-49-46_CC_DF1_M4_M4_2.0.mp4,move
C_1_1_79_BU_DYB_10-19_10-49-46_CD_DF1_M4_M4_1.0.mp4,move
C_1_1_79_BU_DYB_10-19_10-49-46_CD_DF1_M4_M4_4.0.mp4,move
C_1_1_79_BU_DYB_10-19_10-49-46_CE_DF1_M4_M4_6.0.mp4,move
C_1_1_79_BU_DYB_10-19_10-49-46_CE_DF1_M4_M4_7.0.mp4,move
C_1_1_79_BU_DYB_10-19_10-49-46_CF_DF1_M4_M4_1.0.mp4,move
C_1_1_79_BU_DYB_10-19_10-49-46_CF_DF1_M4_M4_3.0.mp4,move
C_1_1_7_BU_DYA_08-13_16-22-43_CA_DF1_M1_M2_3.0.mp4,move
C_1_1_7_BU_DYA_08-13_16-22-43_CC_DF1_M1_M2_6.0.mp4,move
C_1_1_7_BU_DYA_08-13_16-22-43_CD_DF1_M1_M2_3.0.mp4,move
C_1_1_7_BU_DYA_08-13_16-22-43_CE_DF1_M1_M2_5.0.mp4,move
C_1_1_7_BU_DYA_08-13_16-22-43_CF_DF1_M1_M2_1.0.mp4,move
C_1_1_7_BU_DYA_08-13_16-22-43_CF_DF1_M1_M2_2.0.mp4,move
C_1_1_7_BU_DYA_08-13_16-22-43_CF_DF1_M1_M2_5.0.mp4,move
C_1_1_80_BU_DYA_07-18_15-07-36_a_DF1_F2_F2_1.0.mp4,move
C_1_1_80_BU_DYA_07-18_15-07-36_a_DF1_F2_F2_6.0.mp4,move
C_1_1_80_BU_DYA_07-18_15-07-36_b_DF1_F2_F2_14.0.mp4,move
C_1_1_80_BU_DYA_07-18_15-07-36_b_DF1_F2_F2_7.0.mp4,move
C_1_1_80_BU_DYA_07-18_15-07-36_c_DF1_F2_F2_3.0.mp4,move
C_1_1_80_BU_DYA_07-18_15-07-36_d_DF1_F2_F2_10.0.mp4,move
C_1_1_80_BU_DYA_07-18_15-07-36_d_DF1_F2_F2_4.0.mp4,move
C_1_1_80_BU_DYA_07-18_15-07-36_e_DF1_F2_F2_1.0.mp4,move
C_1_1_80_BU_DYA_07-18_15-07-36_e_DF1_F2_F2_5.0.mp4,move
C_1_1_80_BU_DYA_07-18_15-07-36_f_DF1_F2_F2_3.0.mp4,move
C_1_1_80_BU_DYA_07-18_15-07-36_f_DF1_F2_F2_5.0.mp4,move
C_1_1_80_BU_DYB_10-19_11-19-40_CA_DF1_M4_M4_1.0.mp4,move
C_1_1_80_BU_DYB_10-19_11-19-40_CA_DF1_M4_M4_3.0.mp4,move
C_1_1_80_BU_DYB_10-19_11-19-40_CB_DF1_M4_M4_3.0.mp4,move
C_1_1_80_BU_DYB_10-19_11-19-40_CD_DF1_M4_M4_4.0.mp4,move
C_1_1_80_BU_DYB_10-19_11-19-40_CE_DF1_M4_M4_2.0.mp4,move
C_1_1_80_BU_DYB_10-19_11-19-40_CF_DF1_M4_M4_1.0.mp4,move
C_1_1_80_BU_DYB_10-19_11-19-40_CF_DF1_M4_M4_2.0.mp4,move
C_1_1_81_BU_DYA_07-18_15-13-52_a_DF1_F2_M2_4.0.mp4,move
C_1_1_81_BU_DYA_07-18_15-13-52_b_DF1_F2_M2_12.0.mp4,move
C_1_1_81_BU_DYA_07-18_15-13-52_c_DF1_F2_M2_5.0.mp4,move
C_1_1_81_BU_DYA_07-18_15-13-52_d_DF1_F2_M2_5.0.mp4,move
C_1_1_81_BU_DYA_07-18_15-13-52_d_DF1_F2_M2_6.0.mp4,move
C_1_1_81_BU_DYA_07-18_15-13-52_e_DF1_F2_M2_1.0.mp4,move
C_1_1_81_BU_DYA_07-18_15-13-52_e_DF1_F2_M2_6.0.mp4,move
C_1_1_81_BU_DYA_07-18_15-13-52_f_DF1_F2_M2_1.0.mp4,move
C_1_1_81_BU_DYA_07-18_15-13-52_f_DF1_F2_M2_7.0.mp4,move
C_1_1_81_BU_DYB_10-19_11-25-30_CA_DF1_M4_M4_1.0.mp4,move
C_1_1_81_BU_DYB_10-19_11-25-30_CA_DF1_M4_M4_3.0.mp4,move
C_1_1_81_BU_DYB_10-19_11-25-30_CB_DF1_M4_M4_2.0.mp4,move
C_1_1_81_BU_DYB_10-19_11-25-30_CC_DF1_M4_M4_2.0.mp4,move
C_1_1_81_BU_DYB_10-19_11-25-30_CD_DF1_M4_M4_2.0.mp4,move
C_1_1_81_BU_DYB_10-19_11-25-30_CD_DF1_M4_M4_3.0.mp4,move
C_1_1_81_BU_DYB_10-19_11-25-30_CD_DF1_M4_M4_5.0.mp4,move
C_1_1_81_BU_DYB_10-19_11-25-30_CE_DF1_M4_M4_2.0.mp4,move
C_1_1_81_BU_DYB_10-19_11-25-30_CF_DF1_M4_M4_1.0.mp4,move
C_1_1_82_BU_DYA_07-18_15-20-16_a_DF1_F2_M2_1.0.mp4,move
C_1_1_82_BU_DYA_07-18_15-20-16_a_DF1_F2_M2_4.0.mp4,move
C_1_1_82_BU_DYA_07-18_15-20-16_c_DF1_F2_M2_3.0.mp4,move
C_1_1_82_BU_DYA_07-18_15-20-16_c_DF1_F2_M2_8.0.mp4,move
C_1_1_82_BU_DYA_07-18_15-20-16_d_DF1_F2_M2_5.0.mp4,move
C_1_1_82_BU_DYA_07-18_15-20-16_e_DF1_F2_M2_1.0.mp4,move
C_1_1_82_BU_DYA_07-18_15-20-16_f_DF1_F2_M2_1.0.mp4,move
C_1_1_82_BU_DYB_10-19_11-33-46_CA_DF1_M4_M4_1.0.mp4,move
C_1_1_82_BU_DYB_10-19_11-33-46_CB_DF1_M4_M4_3.0.mp4,move
C_1_1_82_BU_DYB_10-19_11-33-46_CC_DF1_M4_M4_2.0.mp4,move
C_1_1_82_BU_DYB_10-19_11-33-46_CE_DF1_M4_M4_2.0.mp4,move
C_1_1_82_BU_DYB_10-19_11-33-46_CE_DF1_M4_M4_4.0.mp4,move
C_1_1_82_BU_DYB_10-19_11-33-46_CF_DF1_M4_M4_1.0.mp4,move
C_1_1_83_BU_DYA_07-18_15-27-01_a_DF1_F2_F2_1.0.mp4,move
C_1_1_83_BU_DYA_07-18_15-27-01_b_DF1_F2_F2_12.0.mp4,move
C_1_1_83_BU_DYA_07-18_15-27-01_c_DF1_F2_F2_5.0.mp4,move
C_1_1_83_BU_DYA_07-18_15-27-01_c_DF1_F2_F2_9.0.mp4,move
C_1_1_83_BU_DYA_07-18_15-27-01_d_DF1_F2_F2_3.0.mp4,move
C_1_1_83_BU_DYA_07-18_15-27-01_e_DF1_F2_F2_1.0.mp4,move
C_1_1_83_BU_DYA_07-18_15-27-01_f_DF1_F2_F2_2.0.mp4,move
C_1_1_83_BU_DYA_07-18_15-27-01_f_DF1_F2_F2_3.0.mp4,move
C_1_1_83_BU_DYA_07-18_15-27-01_f_DF1_F2_F2_5.0.mp4,move
C_1_1_83_BU_DYB_10-19_13-01-23_CA_DF1_M4_M4_1.0.mp4,move
C_1_1_83_BU_DYB_10-19_13-01-23_CB_DF1_M4_M4_1.0.mp4,move
C_1_1_83_BU_DYB_10-19_13-01-23_CC_DF1_M4_M4_3.0.mp4,move
C_1_1_83_BU_DYB_10-19_13-01-23_CD_DF1_M4_M4_4.0.mp4,move
C_1_1_83_BU_DYB_10-19_13-01-23_CD_DF1_M4_M4_5.0.mp4,move
C_1_1_83_BU_DYB_10-19_13-01-23_CD_DF1_M4_M4_6.0.mp4,move
C_1_1_83_BU_DYB_10-19_13-01-23_CF_DF1_M4_M4_1.0.mp4,move
C_1_1_84_BU_DYA_07-18_15-46-34_a_DF1_F2_M2_3.0.mp4,move
C_1_1_84_BU_DYA_07-18_15-46-34_b_DF1_F2_M2_12.0.mp4,move
C_1_1_84_BU_DYA_07-18_15-46-34_c_DF1_F2_M2_3.0.mp4,move
C_1_1_84_BU_DYA_07-18_15-46-34_d_DF1_F2_M2_4.0.mp4,move
C_1_1_84_BU_DYA_07-18_15-46-34_e_DF1_F2_M2_1.0.mp4,move
C_1_1_84_BU_DYA_07-18_15-46-34_e_DF1_F2_M2_6.0.mp4,move
C_1_1_84_BU_DYA_07-18_15-46-34_f_DF1_F2_M2_1.0.mp4,move
C_1_1_84_BU_DYA_07-18_15-46-34_f_DF1_F2_M2_2.0.mp4,move
C_1_1_84_BU_DYB_10-19_13-07-04_CA_DF1_M4_M4_1.0.mp4,move
C_1_1_84_BU_DYB_10-19_13-07-04_CD_DF1_M4_M4_1.0.mp4,move
C_1_1_84_BU_DYB_10-19_13-07-04_CD_DF1_M4_M4_8.0.mp4,move
C_1_1_84_BU_DYB_10-19_13-07-04_CE_DF1_M4_M4_2.0.mp4,move
C_1_1_84_BU_DYB_10-19_13-07-04_CF_DF1_M4_M4_1.0.mp4,move
C_1_1_85_BU_DYA_07-18_15-53-58_a_DF1_F2_M2_2.0.mp4,move
C_1_1_85_BU_DYA_07-18_15-53-58_b_DF1_F2_M2_13.0.mp4,move
C_1_1_85_BU_DYA_07-18_15-53-58_b_DF1_F2_M2_15.0.mp4,move
C_1_1_85_BU_DYA_07-18_15-53-58_c_DF1_F2_M2_5.0.mp4,move
C_1_1_85_BU_DYA_07-18_15-53-58_d_DF1_F2_M2_2.0.mp4,move
C_1_1_85_BU_DYA_07-18_15-53-58_e_DF1_F2_M2_1.0.mp4,move
C_1_1_85_BU_DYB_10-19_13-12-56_CA_DF1_M4_M4_2.0.mp4,move
C_1_1_85_BU_DYB_10-19_13-12-56_CA_DF1_M4_M4_3.0.mp4,move
C_1_1_85_BU_DYB_10-19_13-12-56_CB_DF1_M4_M4_3.0.mp4,move
C_1_1_85_BU_DYB_10-19_13-12-56_CD_DF1_M4_M4_2.0.mp4,move
C_1_1_85_BU_DYB_10-19_13-12-56_CE_DF1_M4_M4_2.0.mp4,move
C_1_1_85_BU_DYB_10-19_13-12-56_CF_DF1_M4_M4_1.0.mp4,move
C_1_1_86_BU_DYA_07-18_16-00-04_a_DF1_F2_F2_4.0.mp4,move
C_1_1_86_BU_DYA_07-18_16-00-04_c_DF1_F2_F2_4.0.mp4,move
C_1_1_86_BU_DYB_10-19_13-43-22_CF_DF1_M4_M4_1.0.mp4,move
C_1_1_86_BU_DYB_10-19_13-43-22_CF_DF1_M4_M4_3.0.mp4,move
C_1_1_87_BU_DYA_07-18_16-08-05_d_DF1_F2_M2_5.0.mp4,move
C_1_1_87_BU_DYA_07-18_16-08-05_d_DF1_F2_M2_6.0.mp4,move
C_1_1_87_BU_DYA_07-18_16-08-05_e_DF1_F2_M2_1.0.mp4,move
C_1_1_87_BU_DYA_07-18_16-08-05_e_DF1_F2_M2_5.0.mp4,move
C_1_1_87_BU_DYA_07-18_16-08-05_f_DF1_F2_M2_1.0.mp4,move
C_1_1_87_BU_DYA_07-18_16-08-05_f_DF1_F2_M2_5.0.mp4,move
C_1_1_87_BU_DYB_10-19_13-49-35_CA_DF1_M4_M4_1.0.mp4,move
C_1_1_87_BU_DYB_10-19_13-49-35_CB_DF1_M4_M4_3.0.mp4,move
C_1_1_87_BU_DYB_10-19_13-49-35_CE_DF1_M4_M4_2.0.mp4,move
C_1_1_87_BU_DYB_10-19_13-49-35_CF_DF1_M4_M4_1.0.mp4,move
C_1_1_88_BU_DYA_07-18_16-17-30_c_DF1_F2_M2_3.0.mp4,move
C_1_1_88_BU_DYA_07-18_16-17-30_e_DF1_F2_M2_1.0.mp4,move
C_1_1_88_BU_DYA_07-18_16-17-30_f_DF1_F2_M2_1.0.mp4,move
C_1_1_88_BU_DYB_10-19_10-56-16_CB_DF1_F4_F4_3.0.mp4,move
C_1_1_88_BU_DYB_10-19_10-56-16_CD_DF1_F4_F4_2.0.mp4,move
C_1_1_88_BU_DYB_10-19_10-56-16_CF_DF1_F4_F4_1.0.mp4,move
C_1_1_89_BU_DYA_07-18_16-24-19_b_DF1_F2_F2_9.0.mp4,move
C_1_1_8_BU_DYA_08-13_14-09-57_CA_DF1_M1_M2_4.0.mp4,move
C_1_1_8_BU_DYA_08-13_14-09-57_CB_DF1_M1_M2_10.0.mp4,move
C_1_1_8_BU_DYA_08-13_14-09-57_CB_DF1_M1_M2_8.0.mp4,move
C_1_1_8_BU_DYA_08-13_14-09-57_CC_DF1_M1_M2_6.0.mp4,move
C_1_1_8_BU_DYA_08-13_14-09-57_CC_DF1_M1_M2_8.0.mp4,move
C_1_1_8_BU_DYA_08-13_14-09-57_CD_DF1_M1_M2_2.0.mp4,move
C_1_1_8_BU_DYA_08-13_14-09-57_CD_DF1_M1_M2_7.0.mp4,move
C_1_1_8_BU_DYA_08-13_14-09-57_CE_DF1_M1_M2_5.0.mp4,move
C_1_1_8_BU_DYA_08-13_14-09-57_CF_DF1_M1_M2_3.0.mp4,move
C_1_1_8_BU_DYA_08-13_14-09-57_CF_DF1_M1_M2_4.0.mp4,move
C_1_1_8_BU_DYB_10-09_11-35-20_CA_DF1_F1_F1_4.0.mp4,move
C_1_1_8_BU_DYB_10-09_11-35-20_CA_DF1_F1_F1_8.0.mp4,move
C_1_1_8_BU_DYB_10-09_11-35-20_CB_DF1_F1_F1_6.0.mp4,move
C_1_1_8_BU_DYB_10-09_11-35-20_CC_DF1_F1_F1_5.0.mp4,move
C_1_1_8_BU_DYB_10-09_11-35-20_CD_DF1_F1_F1_2.0.mp4,move
C_1_1_8_BU_DYB_10-09_11-35-20_CE_DF1_F1_F1_5.0.mp4,move
C_1_1_8_BU_DYB_10-09_11-35-20_CF_DF1_F1_F1_2.0.mp4,move
C_1_1_8_BU_DYB_10-09_11-35-20_CF_DF1_F1_F1_3.0.mp4,move
C_1_1_90_BU_DYA_07-18_16-30-36_a_DF1_F2_M2_1.0.mp4,move
C_1_1_90_BU_DYA_07-18_16-30-36_c_DF1_F2_M2_2.0.mp4,move
C_1_1_90_BU_DYA_07-18_16-30-36_c_DF1_F2_M2_3.0.mp4,move
C_1_1_90_BU_DYA_07-18_16-30-36_d_DF1_F2_M2_2.0.mp4,move
C_1_1_90_BU_DYA_07-18_16-30-36_e_DF1_F2_M2_1.0.mp4,move
C_1_1_90_BU_DYB_10-19_11-08-25_CA_DF1_F4_F4_1.0.mp4,move
C_1_1_90_BU_DYB_10-19_11-08-25_CD_DF1_F4_F4_1.0.mp4,move
C_1_1_90_BU_DYB_10-19_11-08-25_CD_DF1_F4_F4_2.0.mp4,move
C_1_1_91_BU_DYA_07-18_16-36-43_a_DF1_F2_M2_2.0.mp4,move
C_1_1_91_BU_DYA_07-18_16-36-43_a_DF1_F2_M2_6.0.mp4,move
C_1_1_91_BU_DYA_07-18_16-36-43_c_DF1_F2_M2_3.0.mp4,move
C_1_1_91_BU_DYB_10-19_11-40-03_CA_DF1_F4_F4_1.0.mp4,move
C_1_1_91_BU_DYB_10-19_11-40-03_CB_DF1_F4_F4_1.0.mp4,move
C_1_1_91_BU_DYB_10-19_11-40-03_CD_DF1_F4_F4_1.0.mp4,move
C_1_1_91_BU_DYB_10-19_11-40-03_CF_DF1_F4_F4_3.0.mp4,move
C_1_1_92_BU_DYA_07-18_16-42-53_a_DF1_F2_F2_3.0.mp4,move
C_1_1_92_BU_DYA_07-18_16-42-53_b_DF1_F2_F2_7.0.mp4,move
C_1_1_92_BU_DYA_07-18_16-42-53_d_DF1_F2_F2_6.0.mp4,move
C_1_1_92_BU_DYA_07-18_16-42-53_d_DF1_F2_F2_7.0.mp4,move
C_1_1_93_BU_DYA_07-18_17-06-38_c_DF1_F2_M2_3.0.mp4,move
C_1_1_93_BU_DYA_07-18_17-06-38_e_DF1_F2_M2_1.0.mp4,move
C_1_1_93_BU_DYB_10-19_11-51-57_CC_DF1_F4_F4_3.0.mp4,move
C_1_1_93_BU_DYB_10-19_11-51-57_CF_DF1_F4_F4_2.0.mp4,move
C_1_1_9_BU_DYA_08-13_14-17-43_CA_DF1_F1_F1_2.0.mp4,move
C_1_1_9_BU_DYA_08-13_14-17-43_CA_DF1_F1_F1_5.0.mp4,move
C_1_1_9_BU_DYA_08-13_14-17-43_CB_DF1_F1_F1_12.0.mp4,move
C_1_1_9_BU_DYA_08-13_14-17-43_CB_DF1_F1_F1_13.0.mp4,move
C_1_1_9_BU_DYA_08-13_14-17-43_CC_DF1_F1_F1_2.0.mp4,move
C_1_1_9_BU_DYA_08-13_14-17-43_CC_DF1_F1_F1_6.0.mp4,move
C_1_1_9_BU_DYA_08-13_14-17-43_CD_DF1_F1_F1_1.0.mp4,move
C_1_1_9_BU_DYA_08-13_14-17-43_CD_DF1_F1_F1_4.0.mp4,move
C_1_1_9_BU_DYA_08-13_14-17-43_CE_DF1_F1_F1_5.0.mp4,move
C_1_1_9_BU_DYA_08-13_14-17-43_CF_DF1_F1_F1_4.0.mp4,move
C_1_1_9_BU_DYA_08-13_14-17-43_CF_DF1_F1_F1_6.0.mp4,move
C_1_1_9_BU_DYB_10-09_11-49-18_CA_DF1_F1_F1_3.0.mp4,move
C_1_1_9_BU_DYB_10-09_11-49-18_CB_DF1_F1_F1_1.0.mp4,move
C_1_1_9_BU_DYB_10-09_11-49-18_CB_DF1_F1_F1_7.0.mp4,move
C_1_1_9_BU_DYB_10-09_11-49-18_CB_DF1_F1_F1_9.0.mp4,move
C_1_1_9_BU_DYB_10-09_11-49-18_CC_DF1_F1_F1_1.0.mp4,move
C_1_1_9_BU_DYB_10-09_11-49-18_CD_DF1_F1_F1_1.0.mp4,move
C_1_1_9_BU_DYB_10-09_11-49-18_CD_DF1_F1_F1_3.0.mp4,move
C_1_1_9_BU_DYB_10-09_11-49-18_CD_DF1_F1_F1_4.0.mp4,move
C_1_1_9_BU_DYB_10-09_11-49-18_CE_DF1_F1_F1_3.0.mp4,move
C_1_1_9_BU_DYB_10-09_11-49-18_CF_DF1_F1_F1_1.0.mp4,move
C_2_4_45_BU_SMB_10-16_13-44-20_CC_RGB_DF1_F3_F3_1.0.mp4,buying
C_2_4_45_BU_SMC_08-20_16-24-55_CB_RGB_DF1_F3_1.0.mp4,buying
C_2_4_45_BU_SYB_10-16_14-02-23_CA_RGB_DF1_F3_F3_1.0.mp4,buying
C_2_4_45_BU_SYB_10-16_14-02-23_CA_RGB_DF1_F3_F3_2.0.mp4,buying
C_2_4_45_BU_SYB_10-16_14-02-23_CC_RGB_DF1_F3_F3_1.0.mp4,buying
C_2_4_46_BU_DYA_07-28_16-47-45_CC_RGB_DF1_F1_M1_1.0.mp4,buying
C_2_4_46_BU_DYA_07-28_16-47-45_CC_RGB_DF1_F1_M1_2.0.mp4,buying
C_2_4_46_BU_DYA_07-28_16-47-46_CB_RGB_DF1_F1_M1_1.0.mp4,buying
C_2_4_46_BU_DYB_10-20_15-32-10_CA_RGB_DF1_M4_M4_1.0.mp4,buying
C_2_4_46_BU_DYB_10-20_15-32-10_CB_RGB_DF1_M4_M4_1.0.mp4,buying
C_2_4_46_BU_DYB_10-20_15-32-10_CB_RGB_DF1_M4_M4_2.0.mp4,buying
C_2_4_46_BU_DYB_10-20_15-32-10_CC_RGB_DF1_M4_M4_1.0.mp4,buying
C_2_4_46_BU_DYB_10-20_15-32-10_CD_RGB_DF1_M4_M4_1.0.mp4,buying
C_2_4_46_BU_DYB_10-20_15-32-10_CD_RGB_DF1_M4_M4_2.0.mp4,buying
C_2_4_46_BU_SMB_10-16_13-45-44_CA_RGB_DF1_F3_F3_1.0.mp4,buying
C_2_4_46_BU_SMB_10-16_13-45-44_CB_RGB_DF1_F3_F3_2.0.mp4,buying
C_2_4_46_BU_SMB_10-16_13-45-44_CD_RGB_DF1_F3_F3_1.0.mp4,buying
C_2_4_46_BU_SMC_08-20_16-39-03_CA_RGB_DF1_F3_1.0.mp4,buying
C_2_4_46_BU_SMC_08-20_16-39-04_CB_RGB_DF1_F3_1.0.mp4,buying
C_2_4_46_BU_SMC_08-20_16-39-04_CC_RGB_DF1_F3_1.0.mp4,buying
C_2_4_46_BU_SYB_10-16_14-03-49_CA_RGB_DF1_F3_F3_1.0.mp4,buying
C_2_4_46_BU_SYB_10-16_14-03-49_CA_RGB_DF1_F3_F3_2.0.mp4,buying
C_2_4_46_BU_SYB_10-16_14-03-49_CB_RGB_DF1_F3_F3_1.0.mp4,buying
C_2_4_46_BU_SYB_10-16_14-03-49_CC_RGB_DF1_F3_F3_1.0.mp4,buying
C_2_4_46_BU_SYB_10-16_14-03-49_CD_RGB_DF1_F3_F3_1.0.mp4,buying
C_2_4_47_BU_DYB_10-20_15-30-29_CA_RGB_DF1_M4_M4_1.0.mp4,buying
C_2_4_47_BU_DYB_10-20_15-30-29_CA_RGB_DF1_M4_M4_2.0.mp4,buying
C_2_4_47_BU_DYB_10-20_15-30-29_CB_RGB_DF1_M4_M4_1.0.mp4,buying
C_2_4_47_BU_DYB_10-20_15-30-29_CB_RGB_DF1_M4_M4_2.0.mp4,buying
C_2_4_47_BU_DYB_10-20_15-30-29_CC_RGB_DF1_M4_M4_2.0.mp4,buying
C_2_4_47_BU_DYB_10-20_15-30-29_CD_RGB_DF1_M4_M4_1.0.mp4,buying
C_2_4_47_BU_DYB_10-20_15-30-29_CD_RGB_DF1_M4_M4_2.0.mp4,buying
C_2_4_47_BU_DYB_10-20_15-30-29_CD_RGB_DF1_M4_M4_5.0.mp4,buying
C_2_4_47_BU_DYB_10-20_15-30-29_CD_RGB_DF1_M4_M4_6.0.mp4,buying
C_2_4_47_BU_SMC_08-20_14-36-16_CB_RGB_DF1_M4_1.0.mp4,buying
C_2_4_47_BU_SMC_08-20_14-36-16_CC_RGB_DF1_M4_1.0.mp4,buying
C_2_4_48_BU_DYA_08-24_17-19-00_CA_RGB_DF1_M2_F2_1.0.mp4,buying
C_2_4_48_BU_DYA_08-24_17-19-00_CB_RGB_DF1_M2_F2_2.0.mp4,buying
C_2_4_48_BU_DYA_08-24_17-19-00_CC_RGB_DF1_M2_F2_3.0.mp4,buying
C_2_4_48_BU_DYB_10-20_15-33-46_CA_RGB_DF1_F4_F4_1.0.mp4,buying
C_2_4_48_BU_DYB_10-20_15-33-46_CB_RGB_DF1_F4_F4_1.0.mp4,buying
C_2_4_48_BU_DYB_10-20_15-33-46_CB_RGB_DF1_F4_F4_2.0.mp4,buying
C_2_4_48_BU_DYB_10-20_15-33-46_CD_RGB_DF1_F4_F4_1.0.mp4,buying
C_2_4_48_BU_SMB_10-16_13-47-06_CA_RGB_DF1_F3_F3_1.0.mp4,buying
C_2_4_48_BU_SMB_10-16_13-47-06_CB_RGB_DF1_F3_F3_1.0.mp4,buying
C_2_4_48_BU_SMB_10-16_13-47-06_CC_RGB_DF1_F3_F3_1.0.mp4,buying
C_2_4_48_BU_SMB_10-16_13-47-06_CD_RGB_DF1_F3_F3_1.0.mp4,buying
C_2_4_48_BU_SMC_08-20_14-41-35_CB_RGB_DF1_M4_1.0.mp4,buying
C_2_4_48_BU_SMC_08-20_14-41-37_CC_RGB_DF1_M4_1.0.mp4,buying
C_2_4_48_BU_SYB_10-16_14-05-20_CA_RGB_DF1_F3_F3_1.0.mp4,buying
C_2_4_48_BU_SYB_10-16_14-05-20_CA_RGB_DF1_F3_F3_2.0.mp4,buying
C_2_4_48_BU_SYB_10-16_14-05-20_CB_RGB_DF1_F3_F3_1.0.mp4,buying
C_2_4_48_BU_SYB_10-16_14-05-20_CC_RGB_DF1_F3_F3_1.0.mp4,buying
C_2_4_48_BU_SYB_10-16_14-05-20_CD_RGB_DF1_F3_F3_1.0.mp4,buying
C_2_4_49_BU_DYA_08-24_17-23-12_CA_RGB_DF1_M2_F2_1.0.mp4,buying
C_2_4_49_BU_DYA_08-24_17-23-12_CB_RGB_DF1_M2_F2_1.0.mp4,buying
C_2_4_49_BU_DYA_08-24_17-23-12_CC_RGB_DF1_M2_F2_1.0.mp4,buying
C_2_4_49_BU_DYB_10-20_15-35-07_CA_RGB_DF1_F4_F4_1.0.mp4,buying
C_2_4_49_BU_DYB_10-20_15-35-07_CA_RGB_DF1_F4_F4_2.0.mp4,buying
C_2_4_49_BU_DYB_10-20_15-35-07_CB_RGB_DF1_F4_F4_1.0.mp4,buying
C_2_4_49_BU_DYB_10-20_15-35-07_CB_RGB_DF1_F4_F4_2.0.mp4,buying
C_2_4_49_BU_DYB_10-20_15-35-07_CD_RGB_DF1_F4_F4_1.0.mp4,buying
C_2_4_49_BU_DYB_10-20_15-35-07_CD_RGB_DF1_F4_F4_4.0.mp4,buying
C_2_4_49_BU_SMC_08-20_14-46-36_CA_RGB_DF1_M4_1.0.mp4,buying
C_2_4_49_BU_SMC_08-20_14-46-36_CC_RGB_DF1_M4_1.0.mp4,buying
C_2_4_49_BU_SYB_10-16_14-06-43_CC_RGB_DF1_F3_F3_1.0.mp4,buying
C_2_4_49_BU_SYB_10-16_14-06-43_CD_RGB_DF1_F3_F3_1.0.mp4,buying
C_2_4_4_BU_DYA_07-28_16-19-04_CB_RGB_DF1_F1_M1_2.0.mp4,buying
C_2_4_4_BU_DYA_07-28_16-19-04_CC_RGB_DF1_F1_M1_2.0.mp4,buying
C_2_4_4_BU_DYB_10-10_10-00-13_CC_RGB_DF1_F1_F1_1.0.mp4,buying
C_2_4_4_BU_DYB_10-10_10-00-13_CD_RGB_DF1_F1_F1_1.0.mp4,buying
C_2_4_4_BU_SMC_08-20_14-13-20_CA_RGB_DF1_M2_1.0.mp4,buying
C_2_4_4_BU_SMC_08-20_14-13-20_CB_RGB_DF1_M2_1.0.mp4,buying
C_2_4_50_BU_DYB_10-20_15-38-31_CC_RGB_DF1_F4_F4_1.0.mp4,buying
C_2_4_50_BU_SMB_10-16_18-03-05_CA_RGB_DF1_M4_M4_1.0.mp4,buying
C_2_4_50_BU_SMB_10-16_18-03-05_CC_RGB_DF1_M4_M4_1.0.mp4,buying
C_2_4_50_BU_SMB_10-16_18-03-05_CD_RGB_DF1_M4_M4_1.0.mp4,buying
C_2_4_50_BU_SMC_08-20_14-49-09_CB_RGB_DF1_M4_1.0.mp4,buying
C_2_4_50_BU_SYB_10-16_18-15-05_CB_RGB_DF1_M4_M4_1.0.mp4,buying
C_2_4_50_BU_SYB_10-16_18-15-05_CD_RGB_DF1_M4_M4_1.0.mp4,buying
C_2_4_51_BU_SMB_10-16_18-04-45_CB_RGB_DF1_M4_M4_1.0.mp4,buying
C_2_4_51_BU_SMB_10-16_18-04-45_CC_RGB_DF1_M4_M4_1.0.mp4,buying
C_2_4_51_BU_SMB_10-16_18-04-45_CD_RGB_DF1_M4_M4_1.0.mp4,buying
C_2_4_51_BU_SMC_08-20_14-51-01_CC_RGB_DF1_M4_1.0.mp4,buying
C_2_4_51_BU_SYB_10-16_18-16-32_CA_RGB_DF1_M4_M4_1.0.mp4,buying
C_2_4_51_BU_SYB_10-16_18-16-32_CA_RGB_DF1_M4_M4_2.0.mp4,buying
C_2_4_52_BU_DYB_10-20_15-41-32_CC_RGB_DF1_F4_F4_1.0.mp4,buying
C_2_4_52_BU_DYB_10-20_15-41-32_CD_RGB_DF1_F4_F4_1.0.mp4,buying
C_2_4_52_BU_DYB_10-20_15-41-32_CD_RGB_DF1_F4_F4_2.0.mp4,buying
C_2_4_52_BU_SMB_10-16_18-06-15_CD_RGB_DF1_M4_M4_1.0.mp4,buying
C_2_4_52_BU_SMC_08-20_14-53-09_CC_RGB_DF1_M4_1.0.mp4,buying
C_2_4_52_BU_SYB_10-16_18-17-48_CB_RGB_DF1_M4_M4_1.0.mp4,buying
C_2_4_52_BU_SYB_10-16_18-17-48_CC_RGB_DF1_M4_M4_1.0.mp4,buying
C_2_4_52_BU_SYB_10-16_18-17-48_CD_RGB_DF1_M4_M4_1.0.mp4,buying
C_2_4_53_BU_SMC_08-20_14-56-31_CA_RGB_DF1_F4_1.0.mp4,buying
C_2_4_54_BU_DYA_08-24_17-26-08_CC_RGB_DF1_F2_F2_3.0.mp4,buying
C_2_4_54_BU_DYB_10-20_15-44-16_CA_RGB_DF1_F4_F4_1.0.mp4,buying
C_2_4_54_BU_SMB_10-16_18-08-31_CD_RGB_DF1_F4_F4_1.0.mp4,buying
C_2_4_54_BU_SMC_08-20_14-59-09_CA_RGB_DF1_F4_1.0.mp4,buying
C_2_4_54_BU_SMC_08-20_14-59-10_CB_RGB_DF1_F4_1.0.mp4,buying
C_2_4_54_BU_SMC_08-20_14-59-10_CC_RGB_DF1_F4_1.0.mp4,buying
C_2_4_54_BU_SYB_10-16_18-19-27_CB_RGB_DF1_F4_F4_1.0.mp4,buying
C_2_4_54_BU_SYB_10-16_18-19-27_CB_RGB_DF1_F4_F4_3.0.mp4,buying
C_2_4_54_BU_SYB_10-16_18-19-27_CD_RGB_DF1_F4_F4_1.0.mp4,buying
C_2_4_55_BU_DYA_08-24_17-30-11_CB_RGB_DF1_F2_M2_1.0.mp4,buying
C_2_4_55_BU_DYA_08-24_17-30-11_CC_RGB_DF1_F2_M2_2.0.mp4,buying
C_2_4_55_BU_SMC_08-20_15-01-34_CA_RGB_DF1_F4_1.0.mp4,buying
C_2_4_55_BU_SMC_08-20_15-01-34_CB_RGB_DF1_F4_1.0.mp4,buying
C_2_4_55_BU_SYB_10-16_18-20-51_CB_RGB_DF1_F4_F4_1.0.mp4,buying
C_2_4_56_BU_DYA_08-24_17-32-40_CA_RGB_DF1_F2_M2_1.0.mp4,buying
C_2_4_56_BU_DYA_08-24_17-32-40_CB_RGB_DF1_F2_M2_2.0.mp4,buying
C_2_4_56_BU_DYA_08-24_17-32-41_CC_RGB_DF1_F2_M2_4.0.mp4,buying
C_2_4_56_BU_DYB_10-20_09-22-28_CA_RGB_DF1_M2_M2_3.0.mp4,buying
C_2_4_56_BU_DYB_10-20_09-22-28_CC_RGB_DF1_M2_M2_1.0.mp4,buying
C_2_4_56_BU_DYB_10-20_09-22-28_CD_RGB_DF1_M2_M2_1.0.mp4,buying
C_2_4_56_BU_SMB_10-16_18-11-42_CA_RGB_DF1_F4_F4_1.0.mp4,buying
C_2_4_56_BU_SMC_08-20_15-03-31_CA_RGB_DF1_F4_1.0.mp4,buying
C_2_4_56_BU_SMC_08-20_15-03-31_CB_RGB_DF1_F4_1.0.mp4,buying
C_2_4_5_BU_DYA_07-28_16-22-09_CB_RGB_DF1_F1_M1_1.0.mp4,buying
C_2_4_5_BU_DYA_07-28_16-22-09_CB_RGB_DF1_F1_M1_2.0.mp4,buying
C_2_4_5_BU_DYA_07-28_16-22-09_CC_RGB_DF1_F1_M1_1.0.mp4,buying
C_2_4_5_BU_DYA_07-28_16-22-21_CA_RGB_DF1_F1_M1_1.0.mp4,buying
C_2_4_5_BU_DYB_10-10_10-04-27_CA_RGB_DF1_F1_F1_1.0.mp4,buying
C_2_4_5_BU_DYB_10-10_10-04-27_CB_RGB_DF1_F1_F1_1.0.mp4,buying
C_2_4_5_BU_DYB_10-10_10-04-27_CC_RGB_DF1_F1_F1_1.0.mp4,buying
C_2_4_5_BU_DYB_10-10_10-04-27_CD_RGB_DF1_F1_F1_1.0.mp4,buying
C_2_4_5_BU_SMA_09-17_14-25-38_CB_RGB_DF1_F1_F1_2.0.mp4,buying
C_2_4_5_BU_SMA_09-17_14-25-38_CC_RGB_DF1_F1_F1_1.0.mp4,buying
C_2_4_5_BU_SMA_09-17_14-25-38_CD_RGB_DF1_F1_F1_1.0.mp4,buying
C_2_4_5_BU_SMB_10-16_16-05-16_CA_RGB_DF1_F1_F1_1.0.mp4,buying
C_2_4_5_BU_SMB_10-16_16-05-16_CB_RGB_DF1_F1_F1_1.0.mp4,buying
C_2_4_5_BU_SMB_10-16_16-05-16_CC_RGB_DF1_F1_F1_1.0.mp4,buying
C_2_4_5_BU_SMB_10-16_16-05-16_CD_RGB_DF1_F1_F1_1.0.mp4,buying
C_2_4_5_BU_SMC_08-20_17-54-29_CA_RGB_DF1_M2_1.0.mp4,buying
C_2_4_5_BU_SMC_08-20_17-54-30_CB_RGB_DF1_M2_1.0.mp4,buying
C_2_4_5_BU_SMC_08-20_17-54-30_CC_RGB_DF1_M2_1.0.mp4,buying
C_2_4_5_BU_SYB_10-16_15-35-44_CA_RGB_DF1_F1_F1_1.0.mp4,buying
C_2_4_5_BU_SYB_10-16_15-35-44_CA_RGB_DF1_F1_F1_2.0.mp4,buying
C_2_4_5_BU_SYB_10-16_15-35-44_CB_RGB_DF1_F1_F1_1.0.mp4,buying
C_2_4_5_BU_SYB_10-16_15-35-44_CC_RGB_DF1_F1_F1_1.0.mp4,buying
C_2_4_5_BU_SYB_10-16_15-35-44_CD_RGB_DF1_F1_F1_1.0.mp4,buying
C_2_4_6_BU_DYA_08-29_12-19-16_CC_RGB_DF1_F1_M1_2.0.mp4,buying
C_2_4_6_BU_DYA_08-29_12-19-17_CB_RGB_DF1_F1_M1_2.0.mp4,buying
C_2_4_6_BU_DYA_08-29_12-19-19_CA_RGB_DF1_F1_M1_1.0.mp4,buying
C_2_4_6_BU_DYB_10-10_10-52-12_CA_RGB_DF1_M2_M2_1.0.mp4,buying
C_2_4_6_BU_DYB_10-10_10-52-12_CC_RGB_DF1_M2_M2_1.0.mp4,buying
C_2_4_6_BU_SMA_09-17_14-32-21_CA_RGB_DF1_F1_F1_1.0.mp4,buying
C_2_4_6_BU_SMA_09-17_14-32-21_CB_RGB_DF1_F1_F1_1.0.mp4,buying
C_2_4_6_BU_SMA_09-17_14-32-21_CC_RGB_DF1_F1_F1_1.0.mp4,buying
C_2_4_6_BU_SMA_09-17_14-32-21_CD_RGB_DF1_F1_F1_1.0.mp4,buying
C_2_4_6_BU_SMB_10-16_16-06-43_CA_RGB_DF1_F1_F1_1.0.mp4,buying
C_2_4_6_BU_SMB_10-16_16-06-43_CB_RGB_DF1_F1_F1_1.0.mp4,buying
C_2_4_6_BU_SMB_10-16_16-06-43_CC_RGB_DF1_F1_F1_1.0.mp4,buying
C_2_4_6_BU_SMB_10-16_16-06-43_CD_RGB_DF1_F1_F1_1.0.mp4,buying
C_2_4_6_BU_SMC_08-18_15-43-49_CA_RGB_DF1_M2_1.0.mp4,buying
C_2_4_6_BU_SYB_10-16_15-37-32_CA_RGB_DF1_F1_F1_1.0.mp4,buying
C_2_4_6_BU_SYB_10-16_15-37-32_CA_RGB_DF1_F1_F1_2.0.mp4,buying
C_2_4_6_BU_SYB_10-16_15-37-32_CB_RGB_DF1_F1_F1_1.0.mp4,buying
C_2_4_6_BU_SYB_10-16_15-37-32_CC_RGB_DF1_F1_F1_1.0.mp4,buying
C_2_4_6_BU_SYB_10-16_15-37-32_CD_RGB_DF1_F1_F1_1.0.mp4,buying
C_2_4_7_BU_DYA_08-24_16-19-47_CA_RGB_DF1_M2_M2_1.0.mp4,buying
C_2_4_7_BU_DYA_08-24_16-19-47_CB_RGB_DF1_M2_M2_1.0.mp4,buying
C_2_4_7_BU_DYA_08-24_16-19-47_CC_RGB_DF1_M2_M2_1.0.mp4,buying
C_2_4_7_BU_DYB_10-10_10-53-43_CA_RGB_DF1_M2_M2_1.0.mp4,buying
C_2_4_7_BU_DYB_10-10_10-53-43_CA_RGB_DF1_M2_M2_2.0.mp4,buying
C_2_4_7_BU_DYB_10-10_10-53-43_CB_RGB_DF1_M2_M2_1.0.mp4,buying
C_2_4_7_BU_DYB_10-10_10-53-43_CC_RGB_DF1_M2_M2_1.0.mp4,buying
C_2_4_7_BU_DYB_10-10_10-53-43_CD_RGB_DF1_M2_M2_1.0.mp4,buying
C_2_4_7_BU_SMC_08-20_17-57-27_CA_RGB_DF1_M2_1.0.mp4,buying
C_2_4_7_BU_SMC_08-20_17-57-28_CC_RGB_DF1_M2_1.0.mp4,buying
C_2_4_8_BU_DYB_10-10_11-00-38_CA_RGB_DF1_M2_M2_3.0.mp4,buying
C_2_4_8_BU_DYB_10-10_11-00-38_CB_RGB_DF1_M2_M2_1.0.mp4,buying
C_2_4_8_BU_DYB_10-10_11-00-38_CC_RGB_DF1_M2_M2_1.0.mp4,buying
C_2_4_8_BU_DYB_10-10_11-00-38_CD_RGB_DF1_M2_M2_1.0.mp4,buying
C_2_4_8_BU_SMA_09-17_14-36-29_CA_RGB_DF1_F1_F1_1.0.mp4,buying
C_2_4_8_BU_SMA_09-17_14-36-29_CB_RGB_DF1_F1_F1_1.0.mp4,buying
C_2_4_8_BU_SMA_09-17_14-36-29_CC_RGB_DF1_F1_F1_1.0.mp4,buying
C_2_4_8_BU_SMA_09-17_14-36-29_CD_RGB_DF1_F1_F1_1.0.mp4,buying
C_2_4_8_BU_SMB_10-16_16-08-17_CA_RGB_DF1_F1_F1_1.0.mp4,buying
C_2_4_8_BU_SMB_10-16_16-08-17_CB_RGB_DF1_F1_F1_1.0.mp4,buying
C_2_4_8_BU_SMB_10-16_16-08-17_CC_RGB_DF1_F1_F1_1.0.mp4,buying
C_2_4_8_BU_SMB_10-16_16-08-17_CD_RGB_DF1_F1_F1_1.0.mp4,buying
C_2_4_8_BU_SMC_08-20_17-59-37_CA_RGB_DF1_M2_1.0.mp4,buying
C_2_4_8_BU_SMC_08-20_17-59-38_CB_RGB_DF1_M2_1.0.mp4,buying
C_2_4_8_BU_SMC_08-20_17-59-38_CC_RGB_DF1_M2_1.0.mp4,buying
C_2_4_8_BU_SYB_10-16_15-39-06_CB_RGB_DF1_F1_F1_1.0.mp4,buying
C_2_4_9_BU_DYB_10-10_11-02-05_CA_RGB_DF1_M2_M2_3.0.mp4,buying
C_2_4_9_BU_DYB_10-10_11-02-05_CB_RGB_DF1_M2_M2_1.0.mp4,buying
C_2_4_9_BU_DYB_10-10_11-02-05_CC_RGB_DF1_M2_M2_1.0.mp4,buying
C_2_4_9_BU_DYB_10-10_11-02-05_CD_RGB_DF1_M2_M2_1.0.mp4,buying
C_2_4_9_BU_SMA_09-17_14-38-23_CA_RGB_DF1_F1_F1_1.0.mp4,buying
C_2_4_9_BU_SMA_09-17_14-38-23_CB_RGB_DF1_F1_F1_1.0.mp4,buying
C_2_4_9_BU_SMA_09-17_14-38-23_CC_RGB_DF1_F1_F1_1.0.mp4,buying
C_2_4_9_BU_SMC_08-20_18-01-39_CB_RGB_DF1_M2_1.0.mp4,buying
C_2_4_9_BU_SMC_08-20_18-01-40_CC_RGB_DF1_M2_1.0.mp4,buying
C_2_4_9_BU_SYB_10-16_15-40-39_CA_RGB_DF1_F1_F1_1.0.mp4,buying
C_2_4_9_BU_SYB_10-16_15-40-39_CA_RGB_DF1_F1_F1_2.0.mp4,buying
C_2_4_9_BU_SYB_10-16_15-40-39_CB_RGB_DF1_F1_F1_1.0.mp4,buying
C_2_4_9_BU_SYB_10-16_15-40-39_CB_RGB_DF1_F1_F1_3.0.mp4,buying
C_2_4_9_BU_SYB_10-16_15-40-39_CC_RGB_DF1_F1_F1_1.0.mp4,buying
C_2_4_9_BU_SYB_10-16_15-40-39_CD_RGB_DF1_F1_F1_1.0.mp4,buying
